symbol,name,sector,source_etfs
NVDA,NVIDIA CORP,Information Technology,IVV
AAPL,APPLE INC,Information Technology,IVV
MSFT,MICROSOFT CORP,Information Technology,IVV
AMZN,AMAZON.COM INC,Consumer Discretionary,IVV
GOOGL,ALPHABET INC CLASS A,Communication,IVV
AVGO,BROADCOM INC,Information Technology,IVV
GOOG,ALPHABET INC CLASS C,Communication,IVV
META,META PLATFORMS INC CLASS A,Communication,IVV
TSLA,TESLA INC,Consumer Discretionary,IVV
BRKB,BERKSHIRE HATHAWAY INC CLASS B,Financials,IVV
JPM,JPMORGAN CHASE & CO,Financials,IVV
LLY,ELI LILLY,Health Care,IVV
XOM,EXXON MOBIL CORP,Energy,IVV
MU,MICRON TECHNOLOGY INC,Information Technology,IVV
WMT,WALMART INC,Consumer Staples,IVV
AMD,ADVANCED MICRO DEVICES INC,Information Technology,IVV
V,VISA INC CLASS A,Financials,IVV
JNJ,JOHNSON & JOHNSON,Health Care,IVV
COST,COSTCO WHOLESALE CORP,Consumer Staples,IVV
INTC,INTEL CORPORATION CORP,Information Technology,IVV
CAT,CATERPILLAR INC,Industrials,IVV
MA,MASTERCARD INC CLASS A,Financials,IVV
NFLX,NETFLIX INC,Communication,IVV
ABBV,ABBVIE INC,Health Care,IVV
CVX,CHEVRON CORP,Energy,IVV
CSCO,CISCO SYSTEMS INC,Information Technology,IVV
BAC,BANK OF AMERICA CORP,Financials,IVV
PG,PROCTER & GAMBLE,Consumer Staples,IVV
UNH,UNITEDHEALTH GROUP INC,Health Care,IVV
HD,HOME DEPOT INC,Consumer Discretionary,IVV
LRCX,LAM RESEARCH CORP,Information Technology,IVV
PLTR,PALANTIR TECHNOLOGIES INC CLASS A,Information Technology,IVV
AMAT,APPLIED MATERIAL INC,Information Technology,IVV
KO,COCA-COLA,Consumer Staples,IVV
GE,GE AEROSPACE,Industrials,IVV
GEV,GE VERNOVA INC,Industrials,IVV
GS,GOLDMAN SACHS GROUP INC,Financials,IVV
ORCL,ORACLE CORP,Information Technology,IVV
MRK,MERCK & CO INC,Health Care,IVV
PM,PHILIP MORRIS INTERNATIONAL INC,Consumer Staples,IVV
TXN,TEXAS INSTRUMENT INC,Information Technology,IVV
WFC,WELLS FARGO,Financials,IVV
RTX,RTX CORP,Industrials,IVV
LIN,LINDE PLC,Materials,IVV
KLAC,KLA CORP,Information Technology,IVV
MS,MORGAN STANLEY,Financials,IVV
C,CITIGROUP INC,Financials,IVV
PEP,PEPSICO INC,Consumer Staples,IVV
IBM,INTERNATIONAL BUSINESS MACHINES CO,Information Technology,IVV
MCD,MCDONALDS CORP,Consumer Discretionary,IVV
NEE,NEXTERA ENERGY INC,Utilities,IVV
VZ,VERIZON COMMUNICATIONS INC,Communication,IVV
ADI,ANALOG DEVICES INC,Information Technology,IVV
QCOM,QUALCOMM INC,Information Technology,IVV
AMGN,AMGEN INC,Health Care,IVV
DIS,WALT DISNEY,Communication,IVV
T,AT&T INC,Communication,IVV
APH,AMPHENOL CORP CLASS A,Information Technology,IVV
TMO,THERMO FISHER SCIENTIFIC INC,Health Care,IVV
BA,BOEING,Industrials,IVV
ANET,ARISTA NETWORKS INC,Information Technology,IVV
TJX,TJX INC,Consumer Discretionary,IVV
AXP,AMERICAN EXPRESS,Financials,IVV
ETN,EATON PLC,Industrials,IVV
CRM,SALESFORCE INC,Information Technology,IVV
ISRG,INTUITIVE SURGICAL INC,Health Care,IVV
GILD,GILEAD SCIENCES INC,Health Care,IVV
SNDK,SANDISK CORP,Information Technology,IVV
UNP,UNION PACIFIC CORP,Industrials,IVV
ABT,ABBOTT LABORATORIES,Health Care,IVV
COP,CONOCOPHILLIPS,Energy,IVV
BLK,BLACKROCK INC,Financials,IVV
UBER,UBER TECHNOLOGIES INC,Industrials,IVV
SCHW,CHARLES SCHWAB CORP,Financials,IVV
PFE,PFIZER INC,Health Care,IVV
WELL,WELLTOWER INC,Real Estate,IVV
DE,DEERE,Industrials,IVV
WDC,WESTERN DIGITAL CORP,Information Technology,IVV
STX,SEAGATE TECHNOLOGY HOLDINGS PLC,Information Technology,IVV
PANW,PALO ALTO NETWORKS INC,Information Technology,IVV
HON,HONEYWELL INTERNATIONAL INC,Industrials,IVV
BKNG,BOOKING HOLDINGS INC,Consumer Discretionary,IVV
LOW,LOWES COMPANIES INC,Consumer Discretionary,IVV
PLD,PROLOGIS REIT INC,Real Estate,IVV
SPGI,S&P GLOBAL INC,Financials,IVV
GLW,CORNING INC,Information Technology,IVV
VRT,VERTIV HOLDINGS CLASS A,Industrials,IVV
BMY,BRISTOL MYERS SQUIBB,Health Care,IVV
MO,ALTRIA GROUP INC,Consumer Staples,IVV
NEM,NEWMONT,Materials,IVV
APP,APPLOVIN CORP CLASS A,Information Technology,IVV
SBUX,STARBUCKS CORP,Consumer Discretionary,IVV
COF,CAPITAL ONE FINANCIAL CORP,Financials,IVV
CB,CHUBB,Financials,IVV
PGR,PROGRESSIVE CORP,Financials,IVV
PH,PARKER-HANNIFIN CORP,Industrials,IVV
DHR,DANAHER CORP,Health Care,IVV
CRWD,CROWDSTRIKE HOLDINGS INC CLASS A,Information Technology,IVV
ACN,ACCENTURE PLC CLASS A,Information Technology,IVV
TT,TRANE TECHNOLOGIES PLC,Industrials,IVV
VRTX,VERTEX PHARMACEUTICALS INC,Health Care,IVV
SYK,STRYKER CORP,Health Care,IVV
PWR,QUANTA SERVICES INC,Industrials,IVV
INTU,INTUIT INC,Information Technology,IVV
SO,SOUTHERN,Utilities,IVV
EQIX,EQUINIX REIT INC,Real Estate,IVV
CVS,CVS HEALTH CORP,Health Care,IVV
LMT,LOCKHEED MARTIN CORP,Industrials,IVV
MDT,MEDTRONIC PLC,Health Care,IVV
CME,CME GROUP INC CLASS A,Financials,IVV
ADBE,ADOBE INC,Information Technology,IVV
DUK,DUKE ENERGY CORP,Utilities,IVV
MCK,MCKESSON CORP,Health Care,IVV
CEG,CONSTELLATION ENERGY CORP,Utilities,IVV
HWM,HOWMET AEROSPACE INC,Industrials,IVV
CMCSA,COMCAST CORP CLASS A,Communication,IVV
BX,BLACKSTONE INC,Financials,IVV
WMB,WILLIAMS INC,Energy,IVV
CMI,CUMMINS INC,Industrials,IVV
TMUS,T MOBILE US INC,Communication,IVV
BK,BANK OF NEW YORK MELLON CORP,Financials,IVV
NOW,SERVICENOW INC,Information Technology,IVV
SNPS,SYNOPSYS INC,Information Technology,IVV
PNC,PNC FINANCIAL SERVICES GROUP INC,Financials,IVV
ICE,INTERCONTINENTAL EXCHANGE INC,Financials,IVV
CDNS,CADENCE DESIGN SYSTEMS INC,Information Technology,IVV
JCI,JOHNSON CONTROLS INTERNATIONAL PLC,Industrials,IVV
USB,US BANCORP,Financials,IVV
GD,GENERAL DYNAMICS CORP,Industrials,IVV
FDX,FEDEX CORP,Industrials,IVV
WM,WASTE MANAGEMENT INC,Industrials,IVV
AMT,AMERICAN TOWER REIT CORP,Real Estate,IVV
BSX,BOSTON SCIENTIFIC CORP,Health Care,IVV
ADP,AUTOMATIC DATA PROCESSING INC,Industrials,IVV
SLB,SLB NV,Energy,IVV
CSX,CSX CORP,Industrials,IVV
ORLY,OREILLY AUTOMOTIVE INC,Consumer Discretionary,IVV
ELV,ELEVANCE HEALTH INC,Health Care,IVV
FCX,FREEPORT MCMORAN INC,Materials,IVV
MRSH,MARSH INC,Financials,IVV
UPS,UNITED PARCEL SERVICE INC CLASS B,Industrials,IVV
MAR,MARRIOTT INTERNATIONAL INC CLASS A,Consumer Discretionary,IVV
CRH,CRH PUBLIC LIMITED PLC,Materials,IVV
EMR,EMERSON ELECTRIC,Industrials,IVV
MDLZ,MONDELEZ INTERNATIONAL INC CLASS A,Consumer Staples,IVV
MPWR,MONOLITHIC POWER SYSTEMS INC,Information Technology,IVV
NOC,NORTHROP GRUMMAN CORP,Industrials,IVV
MMM,3M,Industrials,IVV
VLO,VALERO ENERGY CORP,Energy,IVV
CI,CIGNA,Health Care,IVV
EOG,EOG RESOURCES INC,Energy,IVV
CIEN,CIENA CORP,Information Technology,IVV
HLT,HILTON WORLDWIDE HOLDINGS INC,Consumer Discretionary,IVV
AEP,AMERICAN ELECTRIC POWER INC,Utilities,IVV
SHW,SHERWIN WILLIAMS,Materials,IVV
NXPI,NXP SEMICONDUCTORS NV,Information Technology,IVV
ROST,ROSS STORES INC,Consumer Discretionary,IVV
MPC,MARATHON PETROLEUM CORP,Energy,IVV
MSI,MOTOROLA SOLUTIONS INC,Information Technology,IVV
PSX,PHILLIPS 66,Energy,IVV
KKR,KKR AND CO INC,Financials,IVV
REGN,REGENERON PHARMACEUTICALS INC,Health Care,IVV
NSC,NORFOLK SOUTHERN CORP,Industrials,IVV
MCO,MOODYS CORP,Financials,IVV
GM,GENERAL MOTORS,Consumer Discretionary,IVV
BKR,BAKER HUGHES CLASS A,Energy,IVV
CL,COLGATE-PALMOLIVE,Consumer Staples,IVV
HCA,HCA HEALTHCARE INC,Health Care,IVV
ITW,ILLINOIS TOOL INC,Industrials,IVV
WBD,WARNER BROS. DISCOVERY INC SERIES,Communication,IVV
AON,AON PLC CLASS A,Financials,IVV
APD,AIR PRODUCTS AND CHEMICALS INC,Materials,IVV
ECL,ECOLAB INC,Materials,IVV
RCL,ROYAL CARIBBEAN GROUP LTD,Consumer Discretionary,IVV
SPG,SIMON PROPERTY GROUP REIT INC,Real Estate,IVV
TRV,TRAVELERS COMPANIES INC,Financials,IVV
TDG,TRANSDIGM GROUP INC,Industrials,IVV
TFC,TRUIST FINANCIAL CORP,Financials,IVV
DLR,DIGITAL REALTY TRUST REIT INC,Real Estate,IVV
FIX,COMFORT SYSTEMS USA INC,Industrials,IVV
LITE,LUMENTUM HOLDINGS INC,Information Technology,IVV
KMI,KINDER MORGAN INC,Energy,IVV
DASH,DOORDASH INC CLASS A,Consumer Discretionary,IVV
PCAR,PACCAR INC,Industrials,IVV
TEL,TE CONNECTIVITY PLC,Information Technology,IVV
DELL,DELL TECHNOLOGIES INC CLASS C,Information Technology,IVV
SRE,SEMPRA,Utilities,IVV
AZO,AUTOZONE INC,Consumer Discretionary,IVV
URI,UNITED RENTALS INC,Industrials,IVV
KEYS,KEYSIGHT TECHNOLOGIES INC,Information Technology,IVV
COHR,COHERENT CORP,Information Technology,IVV
COR,CENCORA INC,Health Care,IVV
LHX,L3HARRIS TECHNOLOGIES INC,Industrials,IVV
APO,APOLLO GLOBAL MANAGEMENT INC,Financials,IVV
ABNB,AIRBNB INC CLASS A,Consumer Discretionary,IVV
CTAS,CINTAS CORP,Industrials,IVV
O,REALTY INCOME REIT CORP,Real Estate,IVV
TGT,TARGET CORP,Consumer Staples,IVV
OKE,ONEOK INC,Energy,IVV
HOOD,ROBINHOOD MARKETS INC CLASS A,Financials,IVV
ALL,ALLSTATE CORP,Financials,IVV
CVNA,CARVANA CLASS A,Consumer Discretionary,IVV
TRGP,TARGA RESOURCES CORP,Energy,IVV
D,DOMINION ENERGY INC,Utilities,IVV
MNST,MONSTER BEVERAGE CORP,Consumer Staples,IVV
CTVA,CORTEVA INC,Materials,IVV
AME,AMETEK INC,Industrials,IVV
TER,TERADYNE INC,Information Technology,IVV
ETR,ENTERGY CORP,Utilities,IVV
FTNT,FORTINET INC,Information Technology,IVV
AFL,AFLAC INC,Financials,IVV
AJG,ARTHUR J GALLAGHER,Financials,IVV
NKE,NIKE INC CLASS B,Consumer Discretionary,IVV
CARR,CARRIER GLOBAL CORP,Industrials,IVV
FAST,FASTENAL,Industrials,IVV
NUE,NUCOR CORP,Materials,IVV
GWW,WW GRAINGER INC,Industrials,IVV
MCHP,MICROCHIP TECHNOLOGY INC,Information Technology,IVV
VST,VISTRA CORP,Utilities,IVV
ADSK,AUTODESK INC,Information Technology,IVV
XEL,XCEL ENERGY INC,Utilities,IVV
ZTS,ZOETIS INC CLASS A,Health Care,IVV
EW,EDWARDS LIFESCIENCES CORP,Health Care,IVV
PSA,PUBLIC STORAGE REIT,Real Estate,IVV
F,FORD MOTOR CO,Consumer Discretionary,IVV
EXC,EXELON CORP,Utilities,IVV
EBAY,EBAY INC,Consumer Discretionary,IVV
PYPL,PAYPAL HOLDINGS INC,Financials,IVV
WAB,WESTINGHOUSE AIR BRAKE TECHNOLOGIE,Industrials,IVV
ROK,ROCKWELL AUTOMATION INC,Industrials,IVV
FITB,FIFTH THIRD BANCORP,Financials,IVV
EA,ELECTRONIC ARTS INC,Communication,IVV
CAH,CARDINAL HEALTH INC,Health Care,IVV
IDXX,IDEXX LABORATORIES INC,Health Care,IVV
YUM,YUM BRANDS INC,Consumer Discretionary,IVV
CMG,CHIPOTLE MEXICAN GRILL INC,Consumer Discretionary,IVV
DAL,DELTA AIR LINES INC,Industrials,IVV
MET,METLIFE INC,Financials,IVV
OXY,OCCIDENTAL PETROLEUM CORP,Energy,IVV
MSCI,MSCI INC,Financials,IVV
DDOG,DATADOG INC CLASS A,Information Technology,IVV
AMP,AMERIPRISE FINANCE INC,Financials,IVV
STT,STATE STREET CORP,Financials,IVV
BDX,BECTON DICKINSON,Health Care,IVV
RSG,REPUBLIC SERVICES INC,Industrials,IVV
COIN,COINBASE GLOBAL INC CLASS A,Financials,IVV
VTR,VENTAS REIT INC,Real Estate,IVV
CBRE,CBRE GROUP INC CLASS A,Real Estate,IVV
DHI,D R HORTON INC,Consumer Discretionary,IVV
NDAQ,NASDAQ INC,Financials,IVV
GRMN,GARMIN LTD,Consumer Discretionary,IVV
PEG,PUBLIC SERVICE ENTERPRISE GROUP IN,Utilities,IVV
ED,CONSOLIDATED EDISON INC,Utilities,IVV
AIG,AMERICAN INTERNATIONAL GROUP INC,Financials,IVV
KDP,KEURIG DR PEPPER INC,Consumer Staples,IVV
FANG,DIAMONDBACK ENERGY INC,Energy,IVV
EME,EMCOR GROUP INC,Industrials,IVV
VMC,VULCAN MATERIALS,Materials,IVV
ON,ON SEMICONDUCTOR CORP,Information Technology,IVV
KR,KROGER,Consumer Staples,IVV
ODFL,OLD DOMINION FREIGHT LINE INC,Industrials,IVV
CCI,CROWN CASTLE INC,Real Estate,IVV
XYZ,BLOCK INC CLASS A,Financials,IVV
WEC,WEC ENERGY GROUP INC,Utilities,IVV
HPE,HEWLETT PACKARD ENTERPRISE,Information Technology,IVV
HIG,HARTFORD INSURANCE GROUP INC,Financials,IVV
ROP,ROPER TECHNOLOGIES INC,Information Technology,IVV
EQT,EQT CORP,Energy,IVV
MLM,MARTIN MARIETTA MATERIALS INC,Materials,IVV
IRM,IRON MOUNTAIN INC,Real Estate,IVV
TTWO,TAKE TWO INTERACTIVE SOFTWARE INC,Communication,IVV
PCG,PG&E CORP,Utilities,IVV
ADM,ARCHER DANIELS MIDLAND,Consumer Staples,IVV
SYY,SYSCO CORP,Consumer Staples,IVV
JBL,JABIL INC,Information Technology,IVV
HAL,HALLIBURTON,Energy,IVV
IBKR,INTERACTIVE BROKERS GROUP INC CLAS,Financials,IVV
PRU,PRUDENTIAL FINANCIAL INC,Financials,IVV
HBAN,HUNTINGTON BANCSHARES INC,Financials,IVV
ACGL,ARCH CAPITAL GROUP LTD,Financials,IVV
FISV,FISERV INC,Financials,IVV
KVUE,KENVUE INC,Consumer Staples,IVV
MTB,M&T BANK CORP,Financials,IVV
NRG,NRG ENERGY INC,Utilities,IVV
A,AGILENT TECHNOLOGIES INC,Health Care,IVV
KMB,KIMBERLY CLARK CORP,Consumer Staples,IVV
VICI,VICI PPTYS INC,Real Estate,IVV
DVN,DEVON ENERGY CORP,Energy,IVV
AXON,AXON ENTERPRISE INC,Industrials,IVV
DTE,DTE ENERGY,Utilities,IVV
ATO,ATMOS ENERGY CORP,Utilities,IVV
AEE,AMEREN CORP,Utilities,IVV
CBOE,CBOE GLOBAL MARKETS INC,Financials,IVV
STLD,STEEL DYNAMICS INC,Materials,IVV
RMD,RESMED INC,Health Care,IVV
NTRS,NORTHERN TRUST CORP,Financials,IVV
DOV,DOVER CORP,Industrials,IVV
CCL,CARNIVAL CORP,Consumer Discretionary,IVV
CASY,CASEYS GENERAL STORES INC,Consumer Staples,IVV
EXR,EXTRA SPACE STORAGE REIT INC,Real Estate,IVV
WAT,WATERS CORP,Health Care,IVV
TDY,TELEDYNE TECHNOLOGIES INC,Information Technology,IVV
OTIS,OTIS WORLDWIDE CORP,Industrials,IVV
PAYX,PAYCHEX INC,Industrials,IVV
CPRT,COPART INC,Industrials,IVV
Q,QNITY ELECTRONICS INC,Information Technology,IVV
TPR,TAPESTRY INC,Consumer Discretionary,IVV
UAL,UNITED AIRLINES HOLDINGS INC,Industrials,IVV
EXPE,EXPEDIA GROUP INC,Consumer Discretionary,IVV
DOW,DOW INC,Materials,IVV
XYL,XYLEM INC,Industrials,IVV
HUM,HUMANA INC,Health Care,IVV
CNP,CENTERPOINT ENERGY INC,Utilities,IVV
IR,INGERSOLL RAND INC,Industrials,IVV
BIIB,BIOGEN INC,Health Care,IVV
RJF,RAYMOND JAMES INC,Financials,IVV
GEHC,GE HEALTHCARE TECHNOLOGIES INC,Health Care,IVV
PPL,PPL CORP,Utilities,IVV
CFG,CITIZENS FINANCIAL GROUP INC,Financials,IVV
HSY,HERSHEY FOODS,Consumer Staples,IVV
CTRA,COTERRA ENERGY INC,Energy,IVV
HUBB,HUBBELL INC,Industrials,IVV
IQV,IQVIA HOLDINGS INC,Health Care,IVV
EIX,EDISON INTERNATIONAL,Utilities,IVV
ES,EVERSOURCE ENERGY,Utilities,IVV
SYF,SYNCHRONY FINANCIAL,Financials,IVV
WDAY,WORKDAY INC CLASS A,Information Technology,IVV
MTD,METTLER TOLEDO INC,Health Care,IVV
AVB,AVALONBAY COMMUNITIES REIT INC,Real Estate,IVV
VRSK,VERISK ANALYTICS INC,Industrials,IVV
TPL,TEXAS PACIFIC LAND CORP,Energy,IVV
CINF,CINCINNATI FINANCIAL CORP,Financials,IVV
DG,DOLLAR GENERAL CORP,Consumer Staples,IVV
CTSH,COGNIZANT TECHNOLOGY SOLUTIONS COR,Information Technology,IVV
CNC,CENTENE CORP,Health Care,IVV
AWK,AMERICAN WATER WORKS INC,Utilities,IVV
LYV,LIVE NATION ENTERTAINMENT INC,Communication,IVV
RF,REGIONS FINANCIAL CORP,Financials,IVV
FE,FIRSTENERGY CORP,Utilities,IVV
WTW,WILLIS TOWERS WATSON PLC,Financials,IVV
PPG,PPG INDUSTRIES INC,Materials,IVV
EXE,EXPAND ENERGY CORP,Energy,IVV
FICO,FAIR ISAAC CORP,Information Technology,IVV
ARES,ARES MANAGEMENT CORP CLASS A,Financials,IVV
OMC,OMNICOM GROUP INC,Communication,IVV
FIS,FIDELITY NATIONAL INFORMATION SERV,Financials,IVV
ULTA,ULTA BEAUTY INC,Consumer Discretionary,IVV
SBAC,SBA COMMUNICATIONS REIT CORP CLASS,Real Estate,IVV
CMS,CMS ENERGY CORP,Utilities,IVV
PHM,PULTEGROUP INC,Consumer Discretionary,IVV
ALB,ALBEMARLE CORP,Materials,IVV
NI,NISOURCE INC,Utilities,IVV
DRI,DARDEN RESTAURANTS INC,Consumer Discretionary,IVV
CHD,CHURCH AND DWIGHT INC,Consumer Staples,IVV
DXCM,DEXCOM INC,Health Care,IVV
TROW,T ROWE PRICE GROUP INC,Financials,IVV
EQR,EQUITY RESIDENTIAL REIT,Real Estate,IVV
VRSN,VERISIGN INC,Information Technology,IVV
STZ,CONSTELLATION BRANDS INC CLASS A,Consumer Staples,IVV
NTAP,NETAPP INC,Information Technology,IVV
VLTO,VERALTO CORP,Industrials,IVV
FSLR,FIRST SOLAR INC,Information Technology,IVV
WSM,WILLIAMS SONOMA INC,Consumer Discretionary,IVV
CHRW,CH ROBINSON WORLDWIDE INC,Industrials,IVV
CPAY,CORPAY INC,Financials,IVV
WST,WEST PHARMACEUTICAL SERVICES INC,Health Care,IVV
DGX,QUEST DIAGNOSTICS INC,Health Care,IVV
LH,LABCORP HOLDINGS INC,Health Care,IVV
STE,STERIS,Health Care,IVV
EFX,EQUIFAX INC,Industrials,IVV
KEY,KEYCORP,Financials,IVV
SW,SMURFIT WESTROCK PLC,Materials,IVV
PFG,PRINCIPAL FINANCIAL GROUP INC,Financials,IVV
WRB,WR BERKLEY CORP,Financials,IVV
SNA,SNAP ON INC,Industrials,IVV
EXPD,EXPEDITORS INTERNATIONAL OF WASHIN,Industrials,IVV
LEN,LENNAR A CORP CLASS A,Consumer Discretionary,IVV
CF,CF INDUSTRIES HOLDINGS INC,Materials,IVV
KHC,KRAFT HEINZ,Consumer Staples,IVV
LYB,LYONDELLBASELL INDUSTRIES NV CLASS,Materials,IVV
HPQ,HP INC,Information Technology,IVV
PKG,PACKAGING CORP OF AMERICA,Materials,IVV
EVRG,EVERGY INC,Utilities,IVV
LDOS,LEIDOS HOLDINGS INC,Industrials,IVV
L,LOEWS CORP,Financials,IVV
EL,ESTEE LAUDER INC CLASS A,Consumer Staples,IVV
LNT,ALLIANT ENERGY CORP,Utilities,IVV
GIS,GENERAL MILLS INC,Consumer Staples,IVV
JBHT,JB HUNT TRANSPORT SERVICES INC,Industrials,IVV
FTV,FORTIVE CORP,Industrials,IVV
DD,DUPONT DE NEMOURS INC,Materials,IVV
LUV,SOUTHWEST AIRLINES,Industrials,IVV
TSCO,TRACTOR SUPPLY,Consumer Discretionary,IVV
FFIV,F5 INC,Information Technology,IVV
TSN,TYSON FOODS INC CLASS A,Consumer Staples,IVV
BR,BROADRIDGE FINANCIAL SOLUTIONS INC,Industrials,IVV
IFF,INTERNATIONAL FLAVORS & FRAGRANCES,Materials,IVV
DLTR,DOLLAR TREE INC,Consumer Staples,IVV
NVR,NVR INC,Consumer Discretionary,IVV
CDW,CDW CORP,Information Technology,IVV
AMCR,AMCOR PLC,Materials,IVV
WY,WEYERHAEUSER REIT,Real Estate,IVV
BRO,BROWN & BROWN INC,Financials,IVV
VTRS,VIATRIS INC,Health Care,IVV
BG,BUNGE GLOBAL SA,Consumer Staples,IVV
GPN,GLOBAL PAYMENTS INC,Financials,IVV
LII,LENNOX INTERNATIONAL INC,Industrials,IVV
ESS,ESSEX PROPERTY TRUST REIT INC,Real Estate,IVV
TXT,TEXTRON INC,Industrials,IVV
SATS,ECHOSTAR CORP CLASS A,Communication,IVV
LVS,LAS VEGAS SANDS CORP,Consumer Discretionary,IVV
BALL,BALL CORP,Materials,IVV
ROL,ROLLINS INC,Industrials,IVV
ZBH,ZIMMER BIOMET HOLDINGS INC,Health Care,IVV
IEX,IDEX CORP,Industrials,IVV
INVH,INVITATION HOMES INC,Real Estate,IVV
PTC,PTC INC,Information Technology,IVV
IP,INTERNATIONAL PAPER,Materials,IVV
TRMB,TRIMBLE INC,Information Technology,IVV
MRNA,MODERNA INC,Health Care,IVV
KIM,KIMCO REALTY REIT CORP,Real Estate,IVV
INCY,INCYTE CORP,Health Care,IVV
NDSN,NORDSON CORP,Industrials,IVV
GNRC,GENERAC HOLDINGS INC,Industrials,IVV
J,JACOBS SOLUTIONS INC,Industrials,IVV
MAA,MID AMERICA APARTMENT COMMUNITIES,Real Estate,IVV
GPC,GENUINE PARTS,Consumer Discretionary,IVV
AKAM,AKAMAI TECHNOLOGIES INC,Information Technology,IVV
TYL,TYLER TECHNOLOGIES INC,Information Technology,IVV
LULU,LULULEMON ATHLETICA INC,Consumer Discretionary,IVV
CSGP,COSTAR GROUP INC,Real Estate,IVV
MAS,MASCO CORP,Industrials,IVV
DECK,DECKERS OUTDOOR CORP,Consumer Discretionary,IVV
EG,EVEREST GROUP LTD,Financials,IVV
APA,APA CORP,Energy,IVV
HII,HUNTINGTON INGALLS INDUSTRIES INC,Industrials,IVV
CHTR,CHARTER COMMUNICATIONS INC CLASS A,Communication,IVV
RL,RALPH LAUREN CORP CLASS A,Consumer Discretionary,IVV
SMCI,SUPER MICRO COMPUTER INC,Information Technology,IVV
HST,HOST HOTELS & RESORTS REIT INC,Real Estate,IVV
PNR,PENTAIR,Industrials,IVV
MKC,MCCORMICK & CO NON-VOTING INC,Consumer Staples,IVV
REG,REGENCY CENTERS REIT CORP,Real Estate,IVV
APTV,APTIV PLC,Consumer Discretionary,IVV
HAS,HASBRO INC,Consumer Discretionary,IVV
FOXA,FOX CORP CLASS A,Communication,IVV
AVY,AVERY DENNISON CORP,Materials,IVV
PNW,PINNACLE WEST CORP,Utilities,IVV
TKO,TKO GROUP HOLDINGS INC CLASS A,Communication,IVV
COO,COOPER INC,Health Care,IVV
GL,GLOBE LIFE INC,Financials,IVV
PODD,INSULET CORP,Health Care,IVV
SWK,STANLEY BLACK & DECKER INC,Industrials,IVV
AIZ,ASSURANT INC,Financials,IVV
ALLE,ALLEGION PLC,Industrials,IVV
BBY,BEST BUY INC,Consumer Discretionary,IVV
ALGN,ALIGN TECHNOLOGY INC,Health Care,IVV
GDDY,GODADDY INC CLASS A,Information Technology,IVV
CLX,CLOROX,Consumer Staples,IVV
IVZ,INVESCO LTD,Financials,IVV
DOC,HEALTHPEAK PROPERTIES INC,Real Estate,IVV
ZBRA,ZEBRA TECHNOLOGIES CORP CLASS A,Information Technology,IVV
JKHY,JACK HENRY AND ASSOCIATES INC,Financials,IVV
UDR,UDR REIT INC,Real Estate,IVV
CPT,CAMDEN PROPERTY TRUST REIT,Real Estate,IVV
GEN,GEN DIGITAL INC,Information Technology,IVV
DPZ,DOMINOS PIZZA INC,Consumer Discretionary,IVV
SWKS,SKYWORKS SOLUTIONS INC,Information Technology,IVV
SJM,JM SMUCKER,Consumer Staples,IVV
IT,GARTNER INC,Information Technology,IVV
TTD,TRADE DESK INC CLASS A,Communication,IVV
AES,AES CORP,Utilities,IVV
SOLV,SOLVENTUM CORP,Health Care,IVV
RVTY,REVVITY INC,Health Care,IVV
NWSA,NEWS CORP CLASS A,Communication,IVV
UHS,UNIVERSAL HEALTH SERVICES INC CLAS,Health Care,IVV
BEN,FRANKLIN RESOURCES INC,Financials,IVV
WYNN,WYNN RESORTS LTD,Consumer Discretionary,IVV
BAX,BAXTER INTERNATIONAL INC,Health Care,IVV
BLDR,BUILDERS FIRSTSOURCE INC,Industrials,IVV
FRT,FEDERAL REALTY INVESTMENT TRUST RE,Real Estate,IVV
TECH,BIO TECHNE CORP,Health Care,IVV
BXP,BXP INC,Real Estate,IVV
FDS,FACTSET RESEARCH SYSTEMS INC,Financials,IVV
NCLH,NORWEGIAN CRUISE LINE HOLDINGS LTD,Consumer Discretionary,IVV
CRL,CHARLES RIVER LABORATORIES INTERNA,Health Care,IVV
FOX,FOX CORP CLASS B,Communication,IVV
HSIC,HENRY SCHEIN INC,Health Care,IVV
MGM,MGM RESORTS INTERNATIONAL,Consumer Discretionary,IVV
MOS,MOSAIC,Materials,IVV
TAP,MOLSON COORS BREWING CLASS B,Consumer Staples,IVV
POOL,POOL CORP,Consumer Discretionary,IVV
AOS,A O SMITH CORP,Industrials,IVV
CAG,CONAGRA BRANDS INC,Consumer Staples,IVV
ARE,ALEXANDRIA REAL ESTATE EQUITIES RE,Real Estate,IVV
EPAM,EPAM SYSTEMS INC,Information Technology,IVV
HRL,HORMEL FOODS CORP,Consumer Staples,IVV
ERIE,ERIE INDEMNITY CLASS A,Financials,IVV
DVA,DAVITA INC,Health Care,IVV
BFB,BROWN FORMAN CORP CLASS B,Consumer Staples,IVV
CPB,CAMPBELL SOUP,Consumer Staples,IVV
NWS,NEWS CORP CLASS B,Communication,IVV
PSKY,PARAMOUNT SKYDANCE CORP CLASS B,Communication,IVV
FLEX,FLEX LTD,Information Technology,IJH
FTI,TECHNIPFMC PLC,Energy,IJH
CW,CURTISS WRIGHT CORP,Industrials,IJH
XPO,XPO INC,Industrials,IJH
UTHR,UNITED THERAPEUTICS CORP,Health Care,IJH
FN,FABRINET,Information Technology,IJH
MTZ,MASTEC INC,Industrials,IJH
NVT,NVENT ELECTRIC PLC,Industrials,IJH
TWLO,TWILIO INC CLASS A,Information Technology,IJH
P,EVERPURE INC CLASS A,Information Technology,IJH
WWD,WOODWARD INC,Industrials,IJH
ENTG,ENTEGRIS INC,Information Technology,IJH
CRS,CARPENTER TECHNOLOGY CORP,Industrials,IJH
ATI,ATI INC,Industrials,IJH
USFD,US FOODS HOLDING CORP,Consumer Staples,IJH
BURL,BURLINGTON STORES INC,Consumer Discretionary,IJH
BWXT,BWX TECHNOLOGIES INC,Industrials,IJH
ILMN,ILLUMINA INC,Health Care,IJH
RBA,RB GLOBAL INC,Industrials,IJH
MKSI,MKS,Information Technology,IJH
RS,RELIANCE STEEL & ALUMINUM,Materials,IJH
RBC,RBC BEARINGS INC,Industrials,IJH
RGLD,ROYAL GOLD INC,Materials,IJH
ITT,ITT INC,Industrials,IJH
MTSI,MACOM TECHNOLOGY SOLUTIONS INC,Information Technology,IJH
NXT,NEXTPOWER INC CLASS A,Industrials,IJH
APG,API GROUP CORP,Industrials,IJH
EWBC,EAST WEST BANCORP INC,Financials,IJH
SNX,TD SYNNEX CORP,Information Technology,IJH
OVV,OVINTIV INC,Energy,IJH
TLN,TALEN ENERGY CORP,Utilities,IJH
WCC,WESCO INTERNATIONAL INC,Industrials,IJH
LSCC,LATTICE SEMICONDUCTOR CORP,Information Technology,IJH
AA,ALCOA CORP,Materials,IJH
NLY,ANNALY CAPITAL MANAGEMENT REIT INC,Financials,IJH
TTMI,TTM TECHNOLOGIES INC,Information Technology,IJH
PR,PERMIAN RESOURCES CORP CLASS A,Energy,IJH
WPC,W. P. CAREY REIT INC,Real Estate,IJH
SGI,SOMNIGROUP INTERNATIONAL INC,Consumer Discretionary,IJH
STRL,STERLING INFRASTRUCTURE INC,Industrials,IJH
CLH,CLEAN HARBORS INC,Industrials,IJH
THC,TENET HEALTHCARE CORP,Health Care,IJH
WSO,WATSCO INC,Industrials,IJH
DKS,DICKS SPORTING INC,Consumer Discretionary,IJH
DTM,DT MIDSTREAM INC,Energy,IJH
MLI,MUELLER INDUSTRIES INC,Industrials,IJH
JLL,JONES LANG LASALLE INC,Real Estate,IJH
PNFP,PINNACLE FINANCIAL PARTNERS INC,Financials,IJH
ONTO,ONTO INNOVATION INC,Information Technology,IJH
LECO,LINCOLN ELECTRIC HOLDINGS INC,Industrials,IJH
CSL,CARLISLE COMPANIES INC,Industrials,IJH
AEIS,ADVANCED ENERGY INDUSTRIES INC,Information Technology,IJH
RRX,REGAL REXNORD CORP,Industrials,IJH
PFGC,PERFORMANCE FOOD GROUP,Consumer Staples,IJH
RGA,REINSURANCE GROUP OF AMERICA INC,Financials,IJH
OHI,OMEGA HEALTHCARE INVESTORS REIT IN,Real Estate,IJH
GLPI,GAMING AND LEISURE PROPERTIES REIT,Real Estate,IJH
TRU,TRANSUNION,Industrials,IJH
TOL,TOLL BROTHERS INC,Consumer Discretionary,IJH
RNR,RENAISSANCERE HOLDING LTD,Financials,IJH
FNF,FIDELITY NATIONAL FINANCIAL INC,Financials,IJH
GGG,GRACO INC,Industrials,IJH
NBIX,NEUROCRINE BIOSCIENCES INC,Health Care,IJH
RPM,RPM INTERNATIONAL INC,Materials,IJH
SOLS,SOLSTICE ADVANCED MATERIALS INC,Materials,IJH
FIVE,FIVE BELOW INC,Consumer Discretionary,IJH
CG,CARLYLE GROUP INC,Financials,IJH
ROIV,ROIVANT SCIENCES LTD,Health Care,IJH
PEN,PENUMBRA INC,Health Care,IJH
NYT,NEW YORK TIMES CLASS A,Communication,IJH
OKTA,OKTA INC CLASS A,Information Technology,IJH
ALLY,ALLY FINANCIAL INC,Financials,IJH
EVR,EVERCORE INC CLASS A,Financials,IJH
SITM,SITIME CORP,Information Technology,IJH
DY,DYCOM INDUSTRIES INC,Industrials,IJH
RMBS,RAMBUS INC,Information Technology,IJH
BLD,TOPBUILD CORP,Consumer Discretionary,IJH
JAZZ,JAZZ PHARMACEUTICALS PLC,Health Care,IJH
BJ,BJS WHOLESALE CLUB HOLDINGS INC,Consumer Staples,IJH
ELS,EQUITY LIFESTYLE PROPERTIES REIT I,Real Estate,IJH
UNM,UNUM,Financials,IJH
FHN,FIRST HORIZON CORP,Financials,IJH
HL,HECLA MINING,Materials,IJH
SF,STIFEL FINANCIAL CORP,Financials,IJH
ARMK,ARAMARK,Consumer Discretionary,IJH
LAMR,LAMAR ADVERTISING COMPANY CLAS,Real Estate,IJH
SAIA,SAIA INC,Industrials,IJH
BWA,BORGWARNER INC,Consumer Discretionary,IJH
GWRE,GUIDEWIRE SOFTWARE INC,Information Technology,IJH
WBS,WEBSTER FINANCIAL CORP,Financials,IJH
KTOS,KRATOS DEFENSE AND SECURITY SOLUTI,Industrials,IJH
COKE,COCA COLA CONSOLIDATED INC,Consumer Staples,IJH
EXEL,EXELIXIS INC,Health Care,IJH
PINS,PINTEREST INC CLASS A,Communication,IJH
AR,ANTERO RESOURCES CORP,Energy,IJH
CACI,CACI INTERNATIONAL INC CLASS A,Industrials,IJH
AIT,APPLIED INDUSTRIAL TECHNOLOGIES IN,Industrials,IJH
SCI,SERVICE,Consumer Discretionary,IJH
ELAN,ELANCO ANIMAL HEALTH INC,Health Care,IJH
NTNX,NUTANIX INC CLASS A,Information Technology,IJH
CCK,CROWN HOLDINGS INC,Materials,IJH
SPXC,SPX TECHNOLOGIES INC,Industrials,IJH
ACM,AECOM,Industrials,IJH
WTRG,ESSENTIAL UTILITIES INC,Utilities,IJH
DT,DYNATRACE INC,Information Technology,IJH
ENSG,ENSIGN GROUP INC,Health Care,IJH
EGP,EASTGROUP PROPERTIES REIT INC,Real Estate,IJH
WMS,ADVANCED DRAINAGE SYSTEMS INC,Industrials,IJH
TXRH,TEXAS ROADHOUSE INC,Consumer Discretionary,IJH
KNX,KNIGHT-SWIFT TRANSPORTATION HOLDIN,Industrials,IJH
DINO,HF SINCLAIR CORP,Energy,IJH
AMH,AMERICAN HOMES RENT REIT CLASS A,Real Estate,IJH
BMRN,BIOMARIN PHARMACEUTICAL INC,Health Care,IJH
RRC,RANGE RESOURCES CORP,Energy,IJH
ARWR,ARROWHEAD PHARMACEUTICALS INC,Health Care,IJH
GME,GAMESTOP CORP CLASS A,Consumer Discretionary,IJH
DCI,DONALDSON INC,Industrials,IJH
DAR,DARLING INGREDIENTS INC,Consumer Staples,IJH
OC,OWENS CORNING,Industrials,IJH
WTFC,WINTRUST FINANCIAL CORP,Financials,IJH
LFUS,LITTELFUSE INC,Information Technology,IJH
EHC,ENCOMPASS HEALTH CORP,Health Care,IJH
GMED,GLOBUS MEDICAL INC CLASS A,Health Care,IJH
OGE,OGE ENERGY CORP,Utilities,IJH
EQH,EQUITABLE HOLDINGS INC,Financials,IJH
VMI,VALMONT INDS INC,Industrials,IJH
R,RYDER SYSTEM INC,Industrials,IJH
MUSA,MURPHY USA INC,Consumer Discretionary,IJH
OSK,OSHKOSH CORP,Industrials,IJH
SSB,SOUTHSTATE BANK CORP,Financials,IJH
ARW,ARROW ELECTRONICS INC,Information Technology,IJH
CNM,CORE & MAIN INC CLASS A,Industrials,IJH
CNH,CNH INDUSTRIAL N.V. NV,Industrials,IJH
MEDP,MEDPACE HOLDINGS INC,Health Care,IJH
BAH,BOOZ ALLEN HAMILTON HOLDING CORP C,Industrials,IJH
ZION,ZIONS BANCORPORATION,Financials,IJH
FLS,FLOWSERVE CORP,Industrials,IJH
GTLS,CHART INDUSTRIES INC,Industrials,IJH
CAVA,CAVA GROUP INC,Consumer Discretionary,IJH
TTC,TORO,Industrials,IJH
ADC,AGREE REALTY REIT CORP,Real Estate,IJH
CUBE,CUBESMART REIT,Real Estate,IJH
AFG,AMERICAN FINANCIAL GROUP INC,Financials,IJH
BRX,BRIXMOR PROPERTY GROUP REIT INC,Real Estate,IJH
DOCU,DOCUSIGN INC,Information Technology,IJH
CGNX,COGNEX CORP,Information Technology,IJH
VNOM,VIPER ENERGY INC CLASS A,Energy,IJH
CFR,CULLEN FROST BANKERS INC,Financials,IJH
ORI,OLD REPUBLIC INTERNATIONAL CORP,Financials,IJH
UMBF,UMB FINANCIAL CORP,Financials,IJH
AHR,AMERICAN HEALTHCARE REIT INC,Real Estate,IJH
PRI,PRIMERICA INC,Financials,IJH
MP,MP MATERIALS CORP CLASS A,Materials,IJH
AYI,ACUITY INC,Industrials,IJH
CTRE,CARETRUST REIT INC,Real Estate,IJH
COLB,COLUMBIA BANKING SYSTEM INC,Financials,IJH
CR,CRANE,Industrials,IJH
FLR,FLUOR CORP,Industrials,IJH
MOGA,MOOG INC CLASS A,Industrials,IJH
FCFS,FIRSTCASH HOLDINGS INC,Financials,IJH
TTEK,TETRA TECH INC,Industrials,IJH
SEIC,SEI INVESTMENTS,Financials,IJH
HLI,HOULIHAN LOKEY INC CLASS A,Financials,IJH
WAL,WESTERN ALLIANCE,Financials,IJH
CRUS,CIRRUS LOGIC INC,Information Technology,IJH
NNN,NNN REIT INC,Real Estate,IJH
ONB,OLD NATIONAL BANCORP,Financials,IJH
AMG,AFFILIATED MANAGERS GROUP INC,Financials,IJH
CHRD,CHORD ENERGY CORP,Energy,IJH
REXR,REXFORD INDUSTRIAL REALTY REIT INC,Real Estate,IJH
MANH,MANHATTAN ASSOCIATES INC,Information Technology,IJH
WTS,WATTS WATER TECHNOLOGIES INC CLASS,Industrials,IJH
FR,FIRST INDUSTRIAL REALTY TRUST INC,Real Estate,IJH
KEX,KIRBY CORP,Industrials,IJH
MASI,MASIMO CORP,Health Care,IJH
NFG,NATIONAL FUEL GAS,Utilities,IJH
IDA,IDACORP INC,Utilities,IJH
JEF,JEFFERIES FINANCIAL GROUP INC,Financials,IJH
SFM,SPROUTS FARMERS MARKET INC,Consumer Staples,IJH
ALV,AUTOLIV INC,Consumer Discretionary,IJH
ATR,APTARGROUP INC,Materials,IJH
AMKR,AMKOR TECHNOLOGY INC,Information Technology,IJH
WFRD,WEATHERFORD INTERNATIONAL PLC,Energy,IJH
SSD,SIMPSON MANUFACTURING INC,Industrials,IJH
ENS,ENERSYS,Industrials,IJH
CYTK,CYTOKINETICS INC,Health Care,IJH
CART,MAPLEBEAR INC,Consumer Staples,IJH
UGI,UGI CORP,Utilities,IJH
AAL,AMERICAN AIRLINES GROUP INC,Industrials,IJH
VOYA,VOYA FINANCIAL INC,Financials,IJH
DOCN,DIGITALOCEAN HOLDINGS INC,Information Technology,IJH
CMC,COMMERCIAL METALS,Materials,IJH
IDCC,INTERDIGITAL INC,Information Technology,IJH
HALO,HALOZYME THERAPEUTICS INC,Health Care,IJH
MTDR,MATADOR RESOURCES,Energy,IJH
NOV,NOV INC,Energy,IJH
STAG,STAG INDUSTRIAL REIT INC,Real Estate,IJH
BROS,DUTCH BROS INC CLASS A,Consumer Discretionary,IJH
AGCO,AGCO CORP,Industrials,IJH
AM,ANTERO MIDSTREAM CORP,Energy,IJH
SLAB,SILICON LABORATORIES INC,Information Technology,IJH
KNSL,KINSALE CAPITAL GROUP INC,Financials,IJH
FAF,FIRST AMERICAN FINANCIAL CORP,Financials,IJH
CBSH,COMMERCE BANCSHARES INC,Financials,IJH
HXL,HEXCEL CORP,Industrials,IJH
TEX,TEREX CORP,Industrials,IJH
INGR,INGREDION INC,Consumer Staples,IJH
PB,PROSPERITY BANCSHARES INC,Financials,IJH
LAD,LITHIA MOTORS INC CLASS A,Consumer Discretionary,IJH
TKR,TIMKEN,Industrials,IJH
HQY,HEALTHEQUITY INC,Health Care,IJH
GATX,GATX CORP,Industrials,IJH
ULS,UL SOLUTIONS INC CLASS A,Industrials,IJH
ORA,ORMAT TECH INC,Utilities,IJH
H,HYATT HOTELS CORP CLASS A,Consumer Discretionary,IJH
AVT,AVNET INC,Information Technology,IJH
CHDN,CHURCHILL DOWNS INC,Consumer Discretionary,IJH
THG,HANOVER INSURANCE GROUP INC,Financials,IJH
EXP,EAGLE MATERIALS INC,Materials,IJH
VAL,VALARIS LTD,Energy,IJH
GXO,GXO LOGISTICS INC,Industrials,IJH
HR,HEALTHCARE REALTY TRUST INC CLASS,Real Estate,IJH
MIDD,MIDDLEBY CORP,Industrials,IJH
VLY,VALLEY NATIONAL,Financials,IJH
LEA,LEAR CORP,Consumer Discretionary,IJH
STWD,STARWOOD PROPERTY TRUST REIT INC,Financials,IJH
FNB,FNB CORP,Financials,IJH
JHG,JANUS HENDERSON GROUP PLC,Financials,IJH
AAON,AAON INC,Industrials,IJH
GBCI,GLACIER BANCORP INC,Financials,IJH
LSTR,LANDSTAR SYSTEM INC,Industrials,IJH
RGEN,REPLIGEN CORP,Health Care,IJH
ACI,ALBERTSONS COMPANY INC CLASS A,Consumer Staples,IJH
VFC,VF CORP,Consumer Discretionary,IJH
AVAV,AEROVIRONMENT INC,Industrials,IJH
WH,WYNDHAM HOTELS RESORTS INC,Consumer Discretionary,IJH
VICR,VICOR CORP,Industrials,IJH
UBSI,UNITED BANKSHARES INC,Financials,IJH
AXTA,AXALTA COATING SYSTEMS LTD,Materials,IJH
ST,SENSATA TECHNOLOGIES HOLDING PLC,Industrials,IJH
MSA,MSA SAFETY INC,Industrials,IJH
CHWY,CHEWY INC CLASS A,Consumer Discretionary,IJH
SWX,SOUTHWEST GAS HOLDINGS INC,Utilities,IJH
ALGM,ALLEGRO MICROSYSTEMS INC,Information Technology,IJH
CHE,CHEMED CORP,Health Care,IJH
TMHC,TAYLOR MORRISON HOME CORP,Consumer Discretionary,IJH
NXST,NEXSTAR MEDIA GROUP INC,Communication,IJH
RYN,RAYONIER REIT INC,Real Estate,IJH
POR,PORTLAND GENERAL ELECTRIC,Utilities,IJH
MTG,MGIC INVESTMENT CORP,Financials,IJH
CLF,CLEVELAND CLIFFS INC,Materials,IJH
ESNT,ESSENT GROUP LTD,Financials,IJH
TXNM,TXNM ENERGY INC,Utilities,IJH
BKH,BLACK HILLS CORP,Utilities,IJH
NJR,NEW JERSEY RESOURCES CORP,Utilities,IJH
KRG,KITE REALTY GROUP TRUST REIT,Real Estate,IJH
HIMS,HIMS HERS HEALTH INC CLASS A,Health Care,IJH
LNTH,LANTHEUS HOLDINGS INC,Health Care,IJH
ESAB,ESAB CORP,Industrials,IJH
MUR,MURPHY OIL CORP,Energy,IJH
GAP,GAP INC,Consumer Discretionary,IJH
HWC,HANCOCK WHITNEY CORP,Financials,IJH
CNX,CNX RESOURCES CORP,Energy,IJH
PLNT,PLANET FITNESS INC CLASS A,Consumer Discretionary,IJH
AN,AUTONATION INC,Consumer Discretionary,IJH
AVTR,AVANTOR INC,Health Care,IJH
G,GENPACT LTD,Industrials,IJH
FCN,FTI CONSULTING INC,Industrials,IJH
SR,SPIRE INC,Utilities,IJH
CELH,CELSIUS HOLDINGS INC,Consumer Staples,IJH
OGS,ONE GAS INC,Utilities,IJH
OLLI,OLLIES BARGAIN OUTLET HOLDINGS INC,Consumer Discretionary,IJH
NEU,NEWMARKET CORP,Materials,IJH
KNF,KNIFE RIVER CORP,Materials,IJH
FND,FLOOR DECOR HOLDINGS INC CLASS A,Consumer Discretionary,IJH
UFPI,UFP INDUSTRIES INC,Industrials,IJH
SBRA,SABRA HEALTH CARE REIT INC,Real Estate,IJH
M,MACYS INC,Consumer Discretionary,IJH
BC,BRUNSWICK CORP,Consumer Discretionary,IJH
WEX,WEX INC,Financials,IJH
CROX,CROCS INC,Consumer Discretionary,IJH
BIO,BIO RAD LABORATORIES INC CLASS A,Health Care,IJH
VNT,VONTIER CORP,Information Technology,IJH
GNTX,GENTEX CORP,Consumer Discretionary,IJH
SIGI,SELECTIVE INSURANCE GROUP INC,Financials,IJH
BYD,BOYD GAMING CORP,Consumer Discretionary,IJH
EXLS,EXLSERVICE HOLDINGS INC,Industrials,IJH
SON,SONOCO PRODUCTS,Materials,IJH
HOMB,HOME BANCSHARES INC,Financials,IJH
OZK,BANK OZK,Financials,IJH
FBIN,FORTUNE BRANDS INNOVATIONS INC,Industrials,IJH
BSY,BENTLEY SYSTEMS INC CLASS B,Information Technology,IJH
VNO,VORNADO REALTY TRUST REIT,Real Estate,IJH
RLI,RLI CORP,Financials,IJH
KBR,KBR INC,Industrials,IJH
SARO,STANDARDAERO,Industrials,IJH
MSM,MSC INDUSTRIAL INC CLASS A,Industrials,IJH
MAT,MATTEL INC,Consumer Discretionary,IJH
LOPE,GRAND CANYON EDUCATION INC,Consumer Discretionary,IJH
NOVT,NOVANTA INC,Information Technology,IJH
PCTY,PAYLOCITY HOLDING CORP,Industrials,IJH
ASB,ASSOCIATED BANCORP,Financials,IJH
LPX,LOUISIANA PACIFIC CORP,Materials,IJH
WING,WINGSTOP INC,Consumer Discretionary,IJH
MTN,VAIL RESORTS INC,Consumer Discretionary,IJH
ALK,ALASKA AIR GROUP INC,Industrials,IJH
SLM,SLM CORP,Financials,IJH
TCBI,TEXAS CAPITAL BANCSHARES INC,Financials,IJH
NWE,NORTHWESTERN ENERGY GROUP INC,Utilities,IJH
BCO,BRINKS,Industrials,IJH
POST,POST HOLDINGS INC,Consumer Staples,IJH
BDC,BELDEN INC,Information Technology,IJH
DUOL,DUOLINGO INC CLASS A,Consumer Discretionary,IJH
PATH,UIPATH INC CLASS A,Information Technology,IJH
SAIC,SCIENCE APPLICATIONS INTERNATIONAL,Industrials,IJH
CVLT,COMMVAULT SYSTEMS INC,Information Technology,IJH
CUZ,COUSINS PROPERTIES REIT INC,Real Estate,IJH
FHI,FEDERATED HERMES INC CLASS B,Financials,IJH
NVST,ENVISTA HOLDINGS CORP,Health Care,IJH
EPR,EPR PROPERTIES REIT,Real Estate,IJH
DBX,DROPBOX INC CLASS A,Information Technology,IJH
VVV,VALVOLINE INC,Consumer Discretionary,IJH
FFIN,FIRST FINANCIAL BANKSHARES INC,Financials,IJH
TREX,TREX INC,Industrials,IJH
CNO,CNO FINANCIAL GROUP INC,Financials,IJH
PVH,PVH CORP,Consumer Discretionary,IJH
FLG,FLAGSTAR BANK NATIONAL ASSOCIATION,Financials,IJH
THO,THOR INDUSTRIES INC,Consumer Discretionary,IJH
TNL,TRAVEL LEISURE,Consumer Discretionary,IJH
WMG,WARNER MUSIC GROUP CORP CLASS A,Communication,IJH
BRKR,BRUKER CORP,Health Care,IJH
APPF,APPFOLIO INC CLASS A,Information Technology,IJH
HRB,H&R BLOCK INC,Consumer Discretionary,IJH
CBT,CABOT CORP,Materials,IJH
BBWI,BATH AND BODY WORKS INC,Consumer Discretionary,IJH
RYAN,RYAN SPECIALTY HOLDINGS INC CLASS,Financials,IJH
ANF,ABERCROMBIE AND FITCH CLASS A,Consumer Discretionary,IJH
DLB,DOLBY LABORATORIES INC CLASS A,Information Technology,IJH
IBOC,INTERNATIONAL BANCSHARES CORP,Financials,IJH
MORN,MORNINGSTAR INC,Financials,IJH
IRT,INDEPENDENCE REALTY INC,Real Estate,IJH
OLED,UNIVERSAL DISPLAY CORP,Information Technology,IJH
WLK,WESTLAKE CORP,Materials,IJH
GHC,GRAHAM HOLDINGS COMPANY CLASS B,Consumer Discretionary,IJH
ELF,ELF BEAUTY INC,Consumer Staples,IJH
HLNE,HAMILTON LANE INC CLASS A,Financials,IJH
CRBG,COREBRIDGE FINANCIAL INC,Financials,IJH
SYNA,SYNAPTICS INC,Information Technology,IJH
KRC,KILROY REALTY REIT CORP,Real Estate,IJH
SHC,SOTERA HEALTH COMPANY,Health Care,IJH
PBF,PBF ENERGY INC CLASS A,Energy,IJH
MMS,MAXIMUS INC,Industrials,IJH
BHF,BRIGHTHOUSE FINANCIAL INC,Financials,IJH
SLGN,SILGAN HOLDINGS INC,Materials,IJH
WHR,WHIRLPOOL CORP,Consumer Discretionary,IJH
PII,POLARIS INC,Consumer Discretionary,IJH
CDP,COPT DEFENSE PROPERTIES,Real Estate,IJH
AVNT,AVIENT CORP,Materials,IJH
KBH,KB HOME,Consumer Discretionary,IJH
BILL,BILL HOLDINGS INC,Information Technology,IJH
EXPO,EXPONENT INC,Industrials,IJH
PEGA,PEGASYSTEMS INC,Information Technology,IJH
LIVN,LIVANOVA PLC,Health Care,IJH
DOCS,DOXIMITY INC CLASS A,Health Care,IJH
OLN,OLIN CORP,Materials,IJH
OPCH,OPTION CARE HEALTH INC,Health Care,IJH
PAG,PENSKE AUTOMOTIVE GROUP VOTING INC,Consumer Discretionary,IJH
KD,KYNDRYL HOLDINGS INC,Information Technology,IJH
QLYS,QUALYS INC,Information Technology,IJH
YETI,YETI HOLDINGS INC,Consumer Discretionary,IJH
CAR,AVIS BUDGET GROUP INC,Industrials,IJH
VC,VISTEON CORP,Consumer Discretionary,IJH
NSA,NATIONAL STORAGE AFFILIATES TRUST,Real Estate,IJH
IPGP,IPG PHOTONICS CORP,Information Technology,IJH
FOUR,SHIFT4 PAYMENTS INC CLASS A,Financials,IJH
EEFT,EURONET WORLDWIDE INC,Financials,IJH
HOG,HARLEY DAVIDSON INC,Consumer Discretionary,IJH
GPK,GRAPHIC PACKAGING HOLDING,Materials,IJH
HGV,HILTON GRAND VACATIONS INC,Consumer Discretionary,IJH
SMG,SCOTTS MIRACLE GRO,Materials,IJH
HAE,HAEMONETICS CORP,Health Care,IJH
PSN,PARSONS CORP,Industrials,IJH
MZTI,MARZETTI,Consumer Staples,IJH
ASH,ASHLAND INC,Materials,IJH
XRAY,DENTSPLY SIRONA INC,Health Care,IJH
CPRI,CAPRI HOLDINGS LTD,Consumer Discretionary,IJH
PK,PARK HOTELS RESORTS INC,Real Estate,IJH
CXT,CRANE NXT,Information Technology,IJH
BRBR,BELLRING BRANDS INC,Consumer Staples,IJH
CHH,CHOICE HOTELS INTERNATIONAL INC,Consumer Discretionary,IJH
RH,RH,Consumer Discretionary,IJH
GT,GOODYEAR TIRE & RUBBER,Consumer Discretionary,IJH
FLO,FLOWERS FOODS INC,Consumer Staples,IJH
SAM,BOSTON BEER INC CLASS A,Consumer Staples,IJH
GEF,GREIF INC CLASS A,Materials,IJH
COLM,COLUMBIA SPORTSWEAR,Consumer Discretionary,IJH
PPC,PILGRIMS PRIDE CORP,Consumer Staples,IJH
BLKB,BLACKBAUD INC,Information Technology,IJH
CNXC,CONCENTRIX CORP,Industrials,IJH
COTY,COTY INC CLASS A,Consumer Staples,IJH
VIAV,VIAVI SOLUTIONS INC,Information Technology,IJR
SANM,SANMINA CORP,Information Technology,IJR
FORM,FORMFACTOR INC,Information Technology,IJR
MOH,MOLINA HEALTHCARE INC,Health Care,IJR
PRIM,PRIMORIS SERVICES CORP,Industrials,IJR
SMTC,SEMTECH CORP,Information Technology,IJR
ESI,ELEMENT SOLUTIONS INC,Materials,IJR
AGX,ARGAN INC,Industrials,IJR
VSAT,VIASAT INC,Information Technology,IJR
MTCH,MATCH GROUP INC,Communication,IJR
ESE,ESCO TECHNOLOGIES INC,Industrials,IJR
EMN,EASTMAN CHEMICAL,Materials,IJR
GKOS,GLAUKOS CORP,Health Care,IJR
LKQ,LKQ CORP,Consumer Discretionary,IJR
QRVO,QORVO INC,Information Technology,IJR
POWL,POWELL INDUSTRIES INC,Industrials,IJR
ZWS,ZURN ELKAY WATER SOLUTIONS CORP,Industrials,IJR
ECG,EVERUS CONSTRUCTION GROUP INC,Industrials,IJR
FSS,FEDERAL SIGNAL CORP,Industrials,IJR
SNEX,STONEX GROUP INC,Financials,IJR
CE,CELANESE CORP,Materials,IJR
AWI,ARMSTRONG WORLD INDUSTRIES INC,Industrials,IJR
SM,SM ENERGY,Energy,IJR
LUMN,LUMEN TECHNOLOGIES INC,Communication,IJR
AROC,ARCHROCK INC,Energy,IJR
TRNO,TERRENO REALTY REIT CORP,Real Estate,IJR
KRYS,KRYSTAL BIOTECH INC,Health Care,IJR
PLXS,PLEXUS CORP,Information Technology,IJR
EAT,BRINKER INTERNATIONAL INC,Consumer Discretionary,IJR
RHP,RYMAN HOSPITALITY PROPERTIES REIT,Real Estate,IJR
EPRT,ESSENTIAL PROPERTIES REALTY TRUST,Real Estate,IJR
IBP,INSTALLED BUILDING PRODUCTS INC,Consumer Discretionary,IJR
GTES,GATES INDUSTRIAL PLC,Industrials,IJR
NE,NOBLE CORPORATION PLC,Energy,IJR
ETSY,ETSY INC,Consumer Discretionary,IJR
BTSG,BRIGHTSPRING HEALTH SERVICES INC,Health Care,IJR
MYRG,MYR GROUP INC,Industrials,IJR
ACA,ARCOSA INC,Industrials,IJR
PAYC,PAYCOM SOFTWARE INC,Industrials,IJR
MSGS,MADISON SQUARE GARDEN SPORTS CORP,Communication,IJR
NPO,ENPRO INC,Industrials,IJR
JBTM,JBT MAREL CORP,Industrials,IJR
LW,LAMB WESTON HOLDINGS INC,Consumer Staples,IJR
GVA,GRANITE CONSTRUCTION INC,Industrials,IJR
PIPR,PIPER SANDLER COMPANIES,Financials,IJR
VSNT,VERSANT MEDIA GROUP INC,Communication,IJR
PTGX,PROTAGONIST THERAPEUTICS INC,Health Care,IJR
MXL,MAXLINEAR INC,Information Technology,IJR
REZI,RESIDEO TECHNOLOGIES INC,Industrials,IJR
CZR,CAESARS ENTERTAINMENT INC,Consumer Discretionary,IJR
KGS,KODIAK GAS SERVICES INC,Energy,IJR
LYFT,LYFT INC CLASS A,Industrials,IJR
KMX,CARMAX INC,Consumer Discretionary,IJR
ALKS,ALKERMES,Health Care,IJR
MAC,MACERICH REIT,Real Estate,IJR
MKTX,MARKETAXESS HOLDINGS INC,Financials,IJR
MHK,MOHAWK INDUSTRIES INC,Consumer Discretionary,IJR
TFX,TELEFLEX INC,Health Care,IJR
LBRT,LIBERTY ENERGY INC CLASS A,Energy,IJR
ABCB,AMERIS BANCORP,Financials,IJR
MGY,MAGNOLIA OIL GAS CORP CLASS A,Energy,IJR
MATX,MATSON INC,Industrials,IJR
RITM,RITHM CAPITAL CORP,Financials,IJR
AX,AXOS FINANCIAL INC,Financials,IJR
CRC,CALIFORNIA RESOURCES CORP,Energy,IJR
HASI,HA SUSTAINABLE INFRASTRUCTURE CAPI,Financials,IJR
AUB,ATLANTIC UNION BANKSHARES CORP,Financials,IJR
LNC,LINCOLN NATIONAL CORP,Financials,IJR
BCPC,BALCHEM CORP,Materials,IJR
PTCT,PTC THERAPEUTICS INC,Health Care,IJR
BOOT,BOOT BARN HOLDINGS INC,Consumer Discretionary,IJR
ATMU,ATMUS FILTRATION TECHNOLOGIES INC,Industrials,IJR
RAL,RALLIANT CORP,Information Technology,IJR
PECO,PHILLIPS EDISON AND COMPANY INC,Real Estate,IJR
CWST,CASELLA WASTE SYSTEMS INC CLASS A,Industrials,IJR
FTDR,FRONTDOOR INC,Consumer Discretionary,IJR
VSEC,VSE CORP,Industrials,IJR
DIOD,DIODES INC,Information Technology,IJR
JXN,JACKSON FINANCIAL INC CLASS A,Financials,IJR
MIR,MIRION TECHNOLOGIES INC CLASS A,Information Technology,IJR
SXT,SENSIENT TECHNOLOGIES CORP,Materials,IJR
CSW,CSW INDUSTRIALS INC,Industrials,IJR
YOU,CLEAR SECURE INC CLASS A,Information Technology,IJR
MRP,MILLROSE PROPERTIES INC CLASS A,Real Estate,IJR
MDU,MDU RESOURCES GROUP INC,Utilities,IJR
CNR,CORE NATURAL RESOURCES INC,Energy,IJR
TGTX,TG THERAPEUTICS INC,Health Care,IJR
INDV,INDIVIOR PHARMACEUTICALS INC,Health Care,IJR
MARA,MARA HOLDINGS INC,Information Technology,IJR
LGND,LIGAND PHARMACEUTICALS INC,Health Care,IJR
MTH,MERITAGE CORP,Consumer Discretionary,IJR
RUSHA,RUSH ENTERPRISES INC CLASS A,Industrials,IJR
OUT,OUTFRONT MEDIA INC,Real Estate,IJR
KLIC,KULICKE AND SOFFA INDUSTRIES INC,Information Technology,IJR
ACIW,ACI WORLDWIDE INC,Information Technology,IJR
OSIS,OSI SYSTEMS INC,Information Technology,IJR
TDS,TELEPHONE AND DATA SYSTEMS INC,Communication,IJR
MWA,MUELLER WATER PRODUCTS INC SERIES,Industrials,IJR
CORT,CORCEPT THERAPEUTICS INC,Health Care,IJR
ENPH,ENPHASE ENERGY INC,Information Technology,IJR
AIR,AAR CORP,Industrials,IJR
ACLS,AXCELIS TECHNOLOGIES INC,Information Technology,IJR
AZZ,AZZ INC,Industrials,IJR
SKT,TANGER INC,Real Estate,IJR
PTEN,PATTERSON UTI ENERGY INC,Energy,IJR
SKY,CHAMPION HOMES INC,Consumer Discretionary,IJR
GPI,GROUP AUTOMOTIVE INC,Consumer Discretionary,IJR
ENVA,ENOVA INTERNATIONAL INC,Financials,IJR
APLS,APELLIS PHARMACEUTICALS INC,Health Care,IJR
MRCY,MERCURY SYSTEMS INC,Industrials,IJR
VSCO,VICTORIA S SECRET,Consumer Discretionary,IJR
WSC,WILLSCOT HOLDINGS CORP CLASS A,Industrials,IJR
SHAK,SHAKE SHACK INC CLASS A,Consumer Discretionary,IJR
FULT,FULTON FINANCIAL CORP,Financials,IJR
IRDM,IRIDIUM COMMUNICATIONS INC,Communication,IJR
DAN,DANA INCORPORATED INC,Consumer Discretionary,IJR
TDW,TIDEWATER INC,Energy,IJR
LRN,STRIDE INC,Consumer Discretionary,IJR
LTH,LIFE TIME GROUP HOLDINGS INC,Consumer Discretionary,IJR
BGC,BGC GROUP INC CLASS A,Financials,IJR
CC,CHEMOURS,Materials,IJR
HP,HELMERICH & PAYNE INC,Energy,IJR
MMSI,MERIT MEDICAL SYSTEMS INC,Health Care,IJR
POWI,POWER INTEGRATIONS INC,Information Technology,IJR
LAUR,LAUREATE EDUCATION INC,Consumer Discretionary,IJR
AMTM,AMENTUM HOLDINGS INC,Industrials,IJR
SFBS,SERVISFIRST BANCSHARES INC,Financials,IJR
CVSA,COVISTA INC,Consumer Discretionary,IJR
VIRT,VIRTU FINANCIAL INC CLASS A,Financials,IJR
PSMT,PRICESMART INC,Consumer Staples,IJR
TPH,TRI POINTE HOMES INC,Consumer Discretionary,IJR
ABG,ASBURY AUTOMOTIVE GROUP INC,Consumer Discretionary,IJR
UCB,UNITED COMMUNITY BANKS INC,Financials,IJR
CVCO,CAVCO INDUSTRIES INC,Consumer Discretionary,IJR
PI,IMPINJ INC,Information Technology,IJR
RDN,RADIAN GROUP INC,Financials,IJR
ADT,ADT INC,Consumer Discretionary,IJR
INDB,INDEPENDENT BANK CORP,Financials,IJR
ITRI,ITRON INC,Information Technology,IJR
WHD,CACTUS INC CLASS A,Energy,IJR
FELE,FRANKLIN ELECTRIC INC,Industrials,IJR
STEP,STEPSTONE GROUP INC CLASS A,Financials,IJR
MTRN,MATERION CORP,Materials,IJR
WSFS,WSFS FINANCIAL CORP,Financials,IJR
SPHR,SPHERE ENTERTAINMENT CLASS A,Communication,IJR
MC,MOELIS CLASS A,Financials,IJR
URBN,URBAN OUTFITTERS INC,Consumer Discretionary,IJR
KTB,KONTOOR BRANDS INC,Consumer Discretionary,IJR
BNL,BROADSTONE NET LEASE INC,Real Estate,IJR
OII,OCEANEERING INTERNATIONAL INC,Energy,IJR
CATY,CATHAY GENERAL BANCORP,Financials,IJR
OTTR,OTTER TAIL CORP,Utilities,IJR
VCTR,VICTORY CAPITAL HOLDINGS CLASS A I,Financials,IJR
FBP,FIRST BANCORP,Financials,IJR
RNST,RENASANT CORP,Financials,IJR
PJT,PJT PARTNERS INC CLASS A,Financials,IJR
UNF,UNIFIRST CORP,Industrials,IJR
ASO,ACADEMY SPORTS AND OUTDOORS INC,Consumer Discretionary,IJR
HCC,WARRIOR MET COAL INC,Materials,IJR
SIG,SIGNET JEWELERS LTD,Consumer Discretionary,IJR
AAP,ADVANCE AUTO PARTS INC,Consumer Discretionary,IJR
GFF,GRIFFON CORP,Industrials,IJR
VSH,VISHAY INTERTECHNOLOGY INC,Information Technology,IJR
BRC,BRADY NONVOTING CORP CLASS A,Industrials,IJR
BMI,BADGER METER INC,Information Technology,IJR
UCTT,ULTRA CLEAN HOLDINGS INC,Information Technology,IJR
AGO,ASSURED GUARANTY LTD,Financials,IJR
HWKN,HAWKINS INC,Materials,IJR
KFY,KORN FERRY,Industrials,IJR
BOX,BOX INC CLASS A,Information Technology,IJR
CALM,CAL MAINE FOODS INC,Consumer Staples,IJR
KAI,KADANT INC,Industrials,IJR
OGN,ORGANON,Health Care,IJR
TMDX,TRANSMEDICS GROUP INC,Health Care,IJR
MHO,M I HOMES INC,Consumer Discretionary,IJR
CWEN,CLEARWAY ENERGY INC CLASS C,Utilities,IJR
LIF,LIFE360 INC,Information Technology,IJR
ADEA,ADEIA INC,Information Technology,IJR
AVA,AVISTA CORP,Utilities,IJR
INSW,INTERNATIONAL SEAWAYS INC,Energy,IJR
OPLN,OPENLANE INC,Industrials,IJR
FHB,FIRST HAWAIIAN INC,Financials,IJR
CBU,COMMUNITY FINANCIAL SYSTEM INC,Financials,IJR
BKU,BANKUNITED INC,Financials,IJR
SXI,STANDEX INTERNATIONAL CORP,Industrials,IJR
FUL,HB FULLER,Materials,IJR
FRPT,FRESHPET INC,Consumer Staples,IJR
GNW,GENWORTH FINANCIAL INC,Financials,IJR
NATL,NCR ATLEOS CORP,Financials,IJR
SKYW,SKYWEST INC,Industrials,IJR
CRGY,CRESCENT ENERGY CLASS A,Energy,IJR
RXO,RXO INC,Industrials,IJR
RDNT,RADNET INC,Health Care,IJR
BTU,PEABODY ENERGY CORP,Energy,IJR
CPRX,CATALYST PHARMACEUTICALS INC,Health Care,IJR
CLSK,CLEANSPARK INC,Information Technology,IJR
PLMR,PALOMAR HOLDINGS INC,Financials,IJR
CVBF,CVB FINANCIAL CORP,Financials,IJR
CENX,CENTURY ALUMINUM,Materials,IJR
QTWO,Q2 HOLDINGS INC,Information Technology,IJR
DORM,DORMAN PRODUCTS INC,Consumer Discretionary,IJR
FFBC,FIRST FINANCIAL BANCORP,Financials,IJR
FIBK,FIRST INTERSTATE BANCSYSTEM INC,Financials,IJR
ITGR,INTEGER HOLDINGS CORP,Health Care,IJR
PATK,PATRICK INDUSTRIES INC,Consumer Discretionary,IJR
BOH,BANK OF HAWAII CORP,Financials,IJR
SFNC,SIMMONS FIRST NATIONAL CORP CLASS,Financials,IJR
CNK,CINEMARK HOLDINGS INC,Communication,IJR
RNG,RINGCENTRAL INC CLASS A,Information Technology,IJR
SBCF,SEACOAST BANKING OF FLORIDA,Financials,IJR
UNFI,UNITED NATURAL FOODS INC,Consumer Staples,IJR
BXMT,BLACKSTONE MORTGAGE TRUST REIT CLA,Financials,IJR
SLG,SL GREEN REALTY REIT CORP,Real Estate,IJR
LXP,LXP INDUSTRIAL TRUST,Real Estate,IJR
VECO,VEECO INSTRUMENTS INC,Information Technology,IJR
CPK,CHESAPEAKE UTILITIES CORP,Utilities,IJR
HAYW,HAYWARD HOLDINGS INC,Industrials,IJR
RUN,SUNRUN INC,Industrials,IJR
APLE,APPLE HOSPITALITY REIT INC,Real Estate,IJR
CARG,CARGURUS INC CLASS A,Communication,IJR
ICUI,ICU MEDICAL INC,Health Care,IJR
KMT,KENNAMETAL INC,Industrials,IJR
NMIH,NMI HOLDINGS INC,Financials,IJR
BCC,BOISE CASCADE,Industrials,IJR
MGEE,MGE ENERGY INC,Utilities,IJR
AWR,AMERICAN STATES WATER,Utilities,IJR
BHE,BENCHMARK ELECTRONICS INC,Information Technology,IJR
PLAB,PHOTRONICS INC,Information Technology,IJR
IAC,IAC INC,Communication,IJR
LCII,LCI INDUSTRIES,Consumer Discretionary,IJR
COCO,THE VITA COCO COMPANY INC,Consumer Staples,IJR
CAKE,CHEESECAKE FACTORY INC,Consumer Discretionary,IJR
PRVA,PRIVIA HEALTH GROUP INC,Health Care,IJR
ARCB,ARCBEST CORP,Industrials,IJR
NOG,NORTHERN OIL AND GAS INC,Energy,IJR
AKR,ACADIA REALTY TRUST REIT,Real Estate,IJR
WDFC,WD-40,Consumer Staples,IJR
ACAD,ACADIA PHARMACEUTICALS INC,Health Care,IJR
CHEF,CHEFS WAREHOUSE INC,Consumer Staples,IJR
FCPT,FOUR CORNERS PROPERTY INC TRUST,Real Estate,IJR
PFS,PROVIDENT FINANCIAL SERVICES INC,Financials,IJR
PRK,PARK NATIONAL CORP,Financials,IJR
UE,URBAN EDGE PROPERTIES,Real Estate,IJR
ACMR,ACM RESEARCH CLASS A INC,Information Technology,IJR
SUPN,SUPERNUS PHARMACEUTICALS INC,Health Care,IJR
AEO,AMERICAN EAGLE OUTFITTERS INC,Consumer Discretionary,IJR
NGVT,INGEVITY CORP,Materials,IJR
KALU,KAISER ALUMINIUM CORP,Materials,IJR
PHIN,PHINIA INC,Consumer Discretionary,IJR
SHOO,STEVEN MADDEN LTD,Consumer Discretionary,IJR
DBD,DIEBOLD NIXDORF INC,Information Technology,IJR
CON,CONCENTRA GROUP HOLDINGS PARENT IN,Health Care,IJR
CURB,CURBLINE PROPERTIES,Real Estate,IJR
HIW,HIGHWOODS PROPERTIES REIT INC,Real Estate,IJR
GOLF,ACUSHNET HOLDINGS CORP,Consumer Discretionary,IJR
PBH,PRESTIGE CONSUMER HEALTHCARE INC,Health Care,IJR
HUBG,HUB GROUP INC CLASS A,Industrials,IJR
KN,KNOWLES CORP,Information Technology,IJR
RHI,ROBERT HALF,Industrials,IJR
ANDE,ANDERSONS INC,Consumer Staples,IJR
APAM,ARTISAN PARTNERS ASSET MANAGEMENT,Financials,IJR
CALX,CALIX NETWORKS INC,Information Technology,IJR
RRR,RED ROCK RESORTS ORS CLASS A INC,Consumer Discretionary,IJR
TRMK,TRUSTMARK CORP,Financials,IJR
TRN,TRINITY INDUSTRIES INC,Industrials,IJR
WAFD,WAFD INC,Financials,IJR
VCYT,VERACYTE INC,Health Care,IJR
HE,HAWAIIAN ELECTRIC INDUSTRIES INC,Utilities,IJR
MCY,MERCURY GENERAL CORP,Financials,IJR
JOE,ST JOE,Real Estate,IJR
SEDG,SOLAREDGE TECHNOLOGIES INC,Information Technology,IJR
HNI,HNI CORP,Industrials,IJR
PARR,PAR PACIFIC HOLDINGS INC,Energy,IJR
WU,WESTERN UNION,Financials,IJR
GEO,GEO GROUP INC,Industrials,IJR
TBBK,BANCORP INC,Financials,IJR
CWT,CALIFORNIA WATER SERVICE GROUP,Utilities,IJR
BANC,BANC OF CALIFORNIA INC,Financials,IJR
DNOW,DNOW INC,Industrials,IJR
VGNT,VERSIGENT PLC,Consumer Discretionary,IJR
TDC,TERADATA CORP,Information Technology,IJR
WAY,WAYSTAR HOLDING CORP,Health Care,IJR
ADMA,ADMA BIOLOGICS INC,Health Care,IJR
MPT,MEDICAL PROPERTIES TRUST REIT INC,Real Estate,IJR
CUBI,CUSTOMERS BANCORP INC,Financials,IJR
FBNC,FIRST BANCORP,Financials,IJR
ABM,ABM INDUSTRIES INC,Industrials,IJR
ACHC,ACADIA HEALTHCARE COMPANY INC,Health Care,IJR
BBT,BEACON FINANCIAL CORP,Financials,IJR
VRRM,VERRA MOBILITY CORP CLASS A,Industrials,IJR
BANF,BANCFIRST CORP,Financials,IJR
NTCT,NETSCOUT SYSTEMS INC,Information Technology,IJR
KNTK,KINETIK HOLDINGS INC CLASS A,Energy,IJR
LMAT,LEMAITRE VASCULAR INC,Health Care,IJR
NBTB,NBT BANCORP INC,Financials,IJR
ICHR,ICHOR HOLDINGS LTD,Information Technology,IJR
ROG,ROGERS CORP,Information Technology,IJR
BANR,BANNER CORP,Financials,IJR
NSIT,INSIGHT ENTERPRISES INC,Information Technology,IJR
CWK,CUSHMAN AND WAKEFIELD LTD,Real Estate,IJR
MTX,MINERALS TECHNOLOGIES INC,Materials,IJR
PENN,PENN ENTERTAINMENT INC,Consumer Discretionary,IJR
ALRM,ALARM.COM HOLDINGS INC,Information Technology,IJR
PLUS,EPLUS,Information Technology,IJR
COHU,COHU INC,Information Technology,IJR
EXTR,EXTREME NETWORKS INC,Information Technology,IJR
WERN,WERNER ENTERPRISES INC,Industrials,IJR
NWN,NORTHWEST NATURAL HOLDING COMPANY,Utilities,IJR
BFH,BREAD FINANCIAL HOLDINGS INC,Financials,IJR
SRPT,SAREPTA THERAPEUTICS INC,Health Care,IJR
AMRX,AMNEAL PHARMACEUTICALS INC CLASS A,Health Care,IJR
FBK,FB FINANCIAL CORP,Financials,IJR
CSGS,CSG SYSTEMS INTERNATIONAL INC,Industrials,IJR
DXPE,DXP ENTERPRISES INC,Industrials,IJR
RCUS,ARCUS BIOSCIENCES INC,Health Care,IJR
NHC,NATIONAL HEALTHCARE CORP,Health Care,IJR
CALY,CALLAWAY GOLF COMPANY,Consumer Discretionary,IJR
UNIT,UNITI GROUP INC,Communication,IJR
SPSC,SPS COMMERCE INC,Information Technology,IJR
STC,STEWART INFO SERVICES CORP,Financials,IJR
DGII,DIGI INTERNATIONAL INC,Information Technology,IJR
HTO,H2O AMERICA,Utilities,IJR
DRH,DIAMONDROCK HOSPITALITY,Real Estate,IJR
GRBK,GREEN BRICK PARTNERS INC,Consumer Discretionary,IJR
CXW,CORECIVIC REIT INC,Industrials,IJR
NEOG,NEOGEN CORP,Health Care,IJR
NWBI,NORTHWEST BANCSHARES INC,Financials,IJR
AMR,ALPHA METALLURGICAL RESOURCE INC,Materials,IJR
TALO,TALOS ENERGY INC,Energy,IJR
VAC,MARRIOTT VACATIONS WORLDWIDE CORP,Consumer Discretionary,IJR
KMPR,KEMPER CORP,Financials,IJR
SPNT,SIRIUSPOINT LTD,Financials,IJR
ARR,ARMOUR RESIDENTIAL REIT INC,Financials,IJR
PRDO,PERDOCEO EDUCATION CORP,Consumer Discretionary,IJR
WT,WISDOMTREE INC,Financials,IJR
CNS,COHEN & STEERS INC,Financials,IJR
OFG,OFG BANCORP,Financials,IJR
EZPW,EZCORP NON VOTING INC CLASS A,Financials,IJR
NBHC,NATIONAL BANK HOLDINGS CORP CLASS,Financials,IJR
DXC,DXC TECHNOLOGY,Information Technology,IJR
FMC,FMC CORP,Materials,IJR
ATEN,A10 NETWORKS INC,Information Technology,IJR
FUN,SIX FLAGS ENTERTAINMENT CORP,Consumer Discretionary,IJR
MD,PEDIATRIX MEDICAL GROUP INC,Health Care,IJR
IOSP,INNOSPEC INC,Materials,IJR
EVTC,EVERTEC INC,Financials,IJR
FCF,FIRST COMMONWEALTH FINANCIAL CORP,Financials,IJR
CASH,PATHWARD FINANCIAL INC,Financials,IJR
ALG,ALAMO GROUP INC,Industrials,IJR
SHO,SUNSTONE HOTEL INVESTORS REIT INC,Real Estate,IJR
KWR,QUAKER HOUGHTON CORP,Materials,IJR
OMCL,OMNICELL INC,Health Care,IJR
EPAC,ENERPAC TOOL GROUP CORP CLASS A,Industrials,IJR
ECPG,ENCORE CAPITAL GROUP INC,Financials,IJR
RAMP,LIVERAMP HOLDINGS INC,Information Technology,IJR
EYE,NATIONAL VISION HOLDINGS INC,Consumer Discretionary,IJR
HMN,HORACE MANN EDUCATORS CORP,Financials,IJR
GTY,GETTY REALTY REIT CORP,Real Estate,IJR
STRA,STRATEGIC EDUCATION INC,Consumer Discretionary,IJR
LTC,LTC PROPERTIES REIT INC,Real Estate,IJR
SEM,SELECT MEDICAL HOLDINGS CORP,Health Care,IJR
ZD,ZIFF DAVIS INC,Communication,IJR
CRVL,CORVEL CORP,Health Care,IJR
SONO,SONOS INC,Consumer Discretionary,IJR
AAMI,ACADIAN ASSET MANAGEMENT INC,Financials,IJR
CHCO,CITY HOLDING,Financials,IJR
ADUS,ADDUS HOMECARE CORP,Health Care,IJR
VCEL,VERICEL CORP,Health Care,IJR
STEL,STELLAR BANCORP INC,Financials,IJR
WD,WALKER & DUNLOP INC,Financials,IJR
CENTA,CENTRAL GARDEN AND PET CLASS A,Consumer Staples,IJR
NWL,NEWELL BRANDS INC,Consumer Discretionary,IJR
WOR,WORTHINGTON ENTERPRISES INC,Industrials,IJR
GTM,ZOOMINFO TECHNOLOGIES INC,Communication,IJR
BKE,BUCKLE INC,Consumer Discretionary,IJR
NSSC,NAPCO SECURITY TECHNOLOGIES INC,Information Technology,IJR
IPAR,INTERPARFUMS INC,Consumer Staples,IJR
AIN,ALBANY INTERNATIONAL CORP CLASS A,Industrials,IJR
CTS,CTS CORP,Information Technology,IJR
EFC,ELLINGTON FINANCIAL INC,Financials,IJR
HCI,HCI GROUP INC,Financials,IJR
WLY,JOHN WILEY AND SONS INC CLASS A,Communication,IJR
ADNT,ADIENT PLC,Consumer Discretionary,IJR
STBA,S AND T BANCORP INC,Financials,IJR
AGYS,AGILYSYS INC,Information Technology,IJR
INVA,INNOVIVA INC,Health Care,IJR
PRGO,PERRIGO PLC,Health Care,IJR
TILE,INTERFACE INC,Industrials,IJR
YELP,YELP INC,Communication,IJR
HOPE,HOPE BANCORP INC,Financials,IJR
PEB,PEBBLEBROOK HOTEL TRUST REIT,Real Estate,IJR
KSS,KOHLS CORP,Consumer Discretionary,IJR
PBI,PITNEY BOWES INC,Industrials,IJR
NVRI,ENVIRI CORP,Industrials,IJR
OSW,ONESPAWORLD HOLDINGS LTD,Consumer Discretionary,IJR
HTH,HILLTOP HOLDINGS INC,Financials,IJR
BL,BLACKLINE INC,Information Technology,IJR
SNDR,SCHNEIDER NATIONAL INC CLASS B,Industrials,IJR
XHR,XENIA HOTELS RESORTS REIT INC,Real Estate,IJR
VRE,VERIS RESIDENTIAL INC,Real Estate,IJR
PRLB,PROTO LABS INC,Industrials,IJR
TFIN,TRIUMPH FINANCIAL INC,Financials,IJR
LKFN,LAKELAND FINANCIAL CORP,Financials,IJR
IIPR,INNOVATIVE INDUSTRIAL PROPERTIES I,Real Estate,IJR
GBX,GREENBRIER INC,Industrials,IJR
HCSG,HEALTHCARE SERVICES GROUP INC,Industrials,IJR
AORT,ARTIVION INC,Health Care,IJR
TNC,TENNANT,Industrials,IJR
WKC,WORLD KINECT CORP,Energy,IJR
PGNY,PROGYNY INC,Health Care,IJR
ARLO,ARLO TECHNOLOGIES INC,Information Technology,IJR
ASTE,ASTEC INDUSTRIES INC,Industrials,IJR
UFPT,UFP TECHNOLOGIES INC,Health Care,IJR
LFST,LIFESTANCE HEALTH GROUP INC,Health Care,IJR
DV,DOUBLEVERIFY HOLDINGS INC,Communication,IJR
ASTH,ASTRANA HEALTH INC,Health Care,IJR
LEG,LEGGETT & PLATT INC,Consumer Discretionary,IJR
DCOM,DIME COMMUNITY BANCSHARES INC,Financials,IJR
GNL,GLOBAL NET LEASE INC,Real Estate,IJR
INSP,INSPIRE MEDICAL SYSTEMS INC,Health Care,IJR
PENG,PENGUIN SOLUTIONS INC,Information Technology,IJR
DEI,DOUGLAS EMMETT REIT INC,Real Estate,IJR
MCRI,MONARCH CASINO AND RESORT INC,Consumer Discretionary,IJR
ARI,APOLLO COMMERCIAL REAL ESTATE FINA,Financials,IJR
LZB,LA-Z-BOY INC,Consumer Discretionary,IJR
ANIP,ANI PHARMACEUTICALS INC,Health Care,IJR
PAYO,PAYONEER GLOBAL INC,Financials,IJR
LPG,DORIAN LPG LTD,Energy,IJR
PRG,PROG HOLDINGS INC,Financials,IJR
HLX,HELIX ENERGY SOLUTIONS GROUP INC,Energy,IJR
CCS,CENTURY COMMUNITIES INC,Consumer Discretionary,IJR
SLVM,SYLVAMO CORP,Materials,IJR
AHCO,ADAPTHEALTH CORP,Health Care,IJR
DLX,DELUXE CORP,Industrials,IJR
MAN,MANPOWER INC,Industrials,IJR
CWENA,CLEARWAY ENERGY INC CLASS A,Utilities,IJR
WWW,WOLVERINE WORLD WIDE INC,Consumer Discretionary,IJR
OI,O I GLASS INC,Materials,IJR
FDP,FRESH DEL MONTE PRODUCE INC,Consumer Staples,IJR
CRK,COMSTOCK RESOURCES INC,Energy,IJR
JBLU,JETBLUE AIRWAYS CORP,Industrials,IJR
SBH,SALLY BEAUTY HOLDINGS INC,Consumer Discretionary,IJR
REX,REX AMERICAN RESOURCES CORP,Energy,IJR
PDFS,PDF SOLUTIONS INC,Information Technology,IJR
MBIN,MERCHANTS BANCORP,Financials,IJR
ABR,ARBOR REALTY TRUST REIT INC,Financials,IJR
SEZL,SEZZLE INC,Financials,IJR
UPWK,UPWORK INC,Industrials,IJR
DCH,DAUCH CORPORATION,Consumer Discretionary,IJR
JJSF,J AND J SNACK FOODS CORP,Consumer Staples,IJR
ENOV,ENOVIS CORP,Health Care,IJR
WABC,WESTAMERICA BANCORPORATION,Financials,IJR
AESI,ATLAS ENERGY SOLUTIONS INC,Energy,IJR
UVV,UNIVERSAL CORP,Consumer Staples,IJR
DFIN,DONNELLEY FINANCIAL SOLUTIONS INC,Financials,IJR
TNDM,TANDEM DIABETES CARE INC,Health Care,IJR
CRI,CARTERS INC,Consumer Discretionary,IJR
STAA,STAAR SURGICAL,Health Care,IJR
KW,KENNEDY WILSON HOLDINGS INC,Real Estate,IJR
HLIT,HARMONIC INC,Information Technology,IJR
NSP,INSPERITY INC,Industrials,IJR
TRIP,TRIPADVISOR INC,Communication,IJR
PRA,PROASSURANCE CORP,Financials,IJR
WS,WORTHINGTON STEEL INC,Materials,IJR
HRMY,HARMONY BIOSCIENCES HLDG INC,Health Care,IJR
VTOL,BRISTOW GROUP INC,Energy,IJR
ACT,ENACT HOLDINGS INC,Financials,IJR
TWO,TWO HARBORS INVESTMENT CORP,Financials,IJR
XPEL,XPEL INC,Consumer Discretionary,IJR
NEO,NEOGENOMICS INC,Health Care,IJR
ENR,ENERGIZER HOLDINGS INC,Consumer Staples,IJR
UAA,UNDER ARMOUR INC CLASS A,Consumer Discretionary,IJR
PZZA,PAPA JOHNS INTERNATIONAL INC,Consumer Discretionary,IJR
PRGS,PROGRESS SOFTWARE CORP,Information Technology,IJR
LNN,LINDSAY CORP,Industrials,IJR
SAH,SONIC AUTOMOTIVE INC CLASS A,Consumer Discretionary,IJR
GIII,G III APPAREL GROUP LTD,Consumer Discretionary,IJR
VIR,VIR BIOTECHNOLOGY INC,Health Care,IJR
ROCK,GIBRALTAR INDUSTRIES INC,Industrials,IJR
REYN,REYNOLDS CONSUMER PRODUCTS INC,Consumer Staples,IJR
AVNS,AVANOS MEDICAL INC,Health Care,IJR
CSR,CENTERSPACE,Real Estate,IJR
SMPL,THE SIMPLY GOOD FOODS COMPANY,Consumer Staples,IJR
MBC,MASTERBRAND INC,Industrials,IJR
CNMD,CONMED CORP,Health Care,IJR
HFWA,HERITAGE FINANCIAL CORP,Financials,IJR
WINA,WINMARK CORP,Consumer Discretionary,IJR
SAFT,SAFETY INSURANCE GROUP INC,Financials,IJR
GSHD,GOOSEHEAD INSURANCE INC CLASS A,Financials,IJR
WEN,WENDYS,Consumer Discretionary,IJR
MLKN,MILLERKNOLL INC,Industrials,IJR
PAHC,PHIBRO ANIMAL HEALTH CORP CLASS A,Health Care,IJR
VSTS,VESTIS CORP,Industrials,IJR
USPH,US PHYSICAL THERAPY INC,Health Care,IJR
AOSL,ALPHA AND OMEGA SEMICONDUCTOR LTD,Information Technology,IJR
CCOI,COGENT COMMUNICATIONS HOLDINGS INC,Communication,IJR
SCL,STEPAN,Materials,IJR
INVX,INNOVEX INTERNATIONAL INC,Energy,IJR
COLL,COLLEGIUM PHARMACEUTICAL INC,Health Care,IJR
TMP,TOMPKINS FINANCIAL CORP,Financials,IJR
FTRE,FORTREA HOLDINGS INC,Health Care,IJR
PMT,PENNYMAC MORTGAGE INVESTMENT TRUST,Financials,IJR
EPC,EDGEWELL PERSONAL CARE,Consumer Staples,IJR
PCRX,PACIRA BIOSCIENCES INC,Health Care,IJR
UPBD,UPBOUND GROUP INC,Consumer Discretionary,IJR
ALGT,ALLEGIANT TRAVEL,Industrials,IJR
DEA,EASTERLY GOVERNMENT PROPERTIES INC,Real Estate,IJR
AZTA,AZENTA INC,Health Care,IJR
CVI,CVR ENERGY INC,Energy,IJR
LGIH,LGI HOMES INC,Consumer Discretionary,IJR
AAT,AMERICAN ASSETS TRUST REIT INC,Real Estate,IJR
PRKS,UNITED PARKS AND RESORTS INC,Consumer Discretionary,IJR
VYX,NCR VOYIX CORP,Information Technology,IJR
UTL,UNITIL CORP,Utilities,IJR
MSEX,MIDDLESEX WATER,Utilities,IJR
VRTS,VIRTUS INVESTMENT PARTNERS INC,Financials,IJR
SBSI,SOUTHSIDE BANCSHARES INC,Financials,IJR
WGO,WINNEBAGO INDUSTRIES INC,Consumer Discretionary,IJR
THRM,GENTHERM INC,Consumer Discretionary,IJR
NX,QUANEX BUILDING PRODUCTS CORP,Industrials,IJR
CFFN,CAPITOL FEDERAL FINANCIAL INC,Financials,IJR
PRSU,PURSUIT ATTRACTIONS AND HOSPITALIT,Consumer Discretionary,IJR
EFOR,EVERFORTH INC,Information Technology,IJR
MATW,MATTHEWS INTERNATIONAL CORP CLASS,Consumer Discretionary,IJR
UFCS,UNITED FIRE GROUP INC,Financials,IJR
JBGS,JBG SMITH PROPERTIES,Real Estate,IJR
MRTN,MARTEN TRANSPORT LTD,Industrials,IJR
HAFC,HANMI FINANCIAL CORP,Financials,IJR
TR,TOOTSIE ROLL INDUSTRIES INC,Consumer Staples,IJR
XNCR,XENCOR INC,Health Care,IJR
TRST,TRUSTCO BANK CORP,Financials,IJR
PRAA,PRA GROUP INC,Financials,IJR
WSR,WHITESTONE REIT,Real Estate,IJR
CPF,CENTRAL PACIFIC FINANCIAL CORP,Financials,IJR
SNCY,SUN COUNTRY AIRLINES HOLDINGS INC,Industrials,IJR
LQDT,LIQUIDITY SERVICES INC,Industrials,IJR
QDEL,QUIDELORTHO CORP,Health Care,IJR
BLFS,BIOLIFE SOLUTIONS INC,Health Care,IJR
PFBC,PREFERRED BANK,Financials,IJR
SCHL,SCHOLASTIC CORP,Communication,IJR
SCSC,SCANSOURCE INC,Information Technology,IJR
TRUP,TRUPANION INC,Financials,IJR
BJRI,BJS RESTAURANTS INC,Consumer Discretionary,IJR
FIZZ,NATIONAL BEVERAGE CORP,Consumer Staples,IJR
KOP,KOPPERS HOLDINGS INC,Materials,IJR
HTZ,HERTZ GLOBAL HLDGS INC,Industrials,IJR
AMN,AMN HEALTHCARE INC,Health Care,IJR
APOG,APOGEE ENTERPRISES INC,Industrials,IJR
SMP,STANDARD MOTOR PRODUCTS INC,Consumer Discretionary,IJR
AMPH,AMPHASTAR PHARMACEUTICALS INC,Health Care,IJR
GO,GROCERY OUTLET HOLDING CORP,Consumer Staples,IJR
EIG,EMPLOYERS HOLDINGS INC,Financials,IJR
ADAM,ADAMAS INC TRUST,Financials,IJR
LZ,LEGALZOOM COM INC,Industrials,IJR
JBSS,JOHN B SANFILIPPO AND SON INC,Consumer Staples,IJR
FBRT,FRANKLIN BSP REALTY TRUST INC,Financials,IJR
FOXF,FOX FACTORY HOLDING CORP,Consumer Discretionary,IJR
NPK,NATIONAL PRESTO INDUSTRIES INC,Industrials,IJR
SAFE,SAFEHOLD INC,Real Estate,IJR
CERT,CERTARA INC,Health Care,IJR
QNST,QUINSTREET INC,Communication,IJR
UA,UNDER ARMOUR INC CLASS C,Consumer Discretionary,IJR
CNXN,PC CONNECTION INC,Information Technology,IJR
SABR,SABRE CORP,Consumer Discretionary,IJR
SHEN,SHENANDOAH TELECOMMUNICATIONS,Communication,IJR
EGBN,EAGLE BANCORP INC,Financials,IJR
IART,INTEGRA LIFESCIENCES HOLDINGS CORP,Health Care,IJR
RES,RPC INC,Energy,IJR
CBRL,CRACKER BARREL OLD COUNTRY STORE I,Consumer Discretionary,IJR
MCW,MISTER CAR WASH INC,Consumer Discretionary,IJR
RWT,REDWOOD TRUST REIT INC,Financials,IJR
MTUS,METALLUS INC,Materials,IJR
CLB,CORE LABORATORIES INC,Energy,IJR
SDGR,SCHRODINGER INC,Health Care,IJR
MMI,MARCUS & MILLICHAP INC,Real Estate,IJR
AMWD,AMERICAN WOODMARK CORP,Industrials,IJR
NXRT,NEXPOINT RESIDENTIAL TRUST INC,Real Estate,IJR
NAVI,NAVIENT CORP,Financials,IJR
HTLD,HEARTLAND EXPRESS INC,Industrials,IJR
CXM,SPRINKLR INC CLASS A,Information Technology,IJR
OXM,OXFORD INDUSTRIES INC,Consumer Discretionary,IJR
AMSF,AMERISAFE INC,Financials,IJR
GDEN,GOLDEN ENTERTAINMENT INC,Consumer Discretionary,IJR
EXPI,EXP WORLD HOLDINGS INC,Real Estate,IJR
HZO,MARINEMAX INC,Consumer Discretionary,IJR
EMBC,EMBECTA CORP,Health Care,IJR
UHT,UNIVERSAL HEALTH REALTY INCOME TRU,Real Estate,IJR
MNRO,MONRO INC,Consumer Discretionary,IJR
VITL,VITAL FARMS INC,Consumer Staples,IJR
IIIN,INSTEEL INDUSTRIES INC,Industrials,IJR
CTKB,CYTEK BIOSCIENCES INC,Health Care,IJR
ETD,ETHAN ALLEN INTERIORS INC,Consumer Discretionary,IJR
HSTM,HEALTHSTREAM INC,Health Care,IJR
FWRD,FORWARD AIR CORP,Industrials,IJR
BFS,SAUL CENTERS REIT INC,Real Estate,IJR
CABO,CABLE ONE INC,Communication,IJR
DFH,DREAM FINDERS HOMES INC CLASS A,Consumer Discretionary,IJR
WRLD,WORLD ACCEPTANCE CORP,Financials,IJR
SSTK,SHUTTERSTOCK INC,Communication,IJR
NABL,N ABLE INC,Information Technology,IJR
GDYN,GRID DYNAMICS HOLDINGS INC CLASS A,Information Technology,IJR
GOGO,GOGO INC,Communication,IJR
CRSR,CORSAIR GAMING INC,Information Technology,IJR
CENT,CENTRAL GARDEN AND PET,Consumer Staples,IJR
